mean_1,mean_2,mean_3,mean_4,mean_5,Global_Maximum,Global_Maximum_Interval,Count_Local_Max_1,Count_Local_Max_2,Count_Local_Max_3,Count_Local_Max_4,Count_Local_Max_5,Count_Local_Min_1,Count_Local_Min_2,Count_Local_Min_3,Count_Local_Min_4,Count_Local_Min_5,Diff_Local_Max_Min_Interval_1,Diff_Local_Max_Min_Interval_2,Diff_Local_Max_Min_Interval_3,Diff_Local_Max_Min_Interval_4,Diff_Local_Max_Min_Interval_5,CGM_Displacement_Interval_1,CGM_Displacement_Interval_2,CGM_Displacement_Interval_3,CGM_Displacement_Interval_4,CGM_Displacement_Interval_5,CGM_Velocity_Interval_1,CGM_Velocity_Interval_2,CGM_Velocity_Interval_3,CGM_Velocity_Interval_4,CGM_Velocity_Interval_5,Label
89.5,78.0,89.16666666666667,62.166666666666664,96.0,104.0,1,1,0,2,0,0,1,1,1,2,0,27.0,0.0,7.0,0.0,0.0,-14.0,34.0,-7.0,31.0,-60.0,-2.8,6.8,-1.4,6.2,-10.0,0
171.5,170.0,181.16666666666666,179.0,125.0,199.0,3,0,2,2,0,0,1,2,0,0,0,0.0,8.0,29.0,0.0,0.0,14.0,-6.0,-29.0,42.0,41.0,2.8,-1.2,-5.8,8.4,6.833333333333333,1
93.83333333333333,103.33333333333333,115.33333333333333,143.16666666666666,160.33333333333334,162.0,5,1,1,1,1,2,1,2,1,1,2,17.0,5.0,3.0,25.0,4.0,-8.0,0.0,-14.0,-25.0,-5.0,-1.6,0.0,-2.8,-5.0,-0.8333333333333334,0
145.0,155.66666666666666,206.66666666666666,274.8333333333333,266.5,293.0,5,2,0,0,2,0,0,1,0,1,1,12.0,0.0,0.0,26.0,0.0,-12.0,-22.0,-62.0,-20.0,36.0,-2.4,-4.4,-12.4,-4.0,6.0,1
114.16666666666667,118.0,114.0,118.83333333333333,125.5,129.0,5,1,1,1,1,2,1,1,1,1,1,2.0,7.0,1.0,7.0,0.0,9.0,-4.0,10.0,-7.0,3.0,1.8,-0.8,2.0,-1.4,0.5,1
115.66666666666667,139.66666666666666,140.5,139.83333333333334,158.16666666666666,160.0,5,0,1,0,0,2,1,0,1,0,1,0.0,31.0,0.0,0.0,4.0,37.0,-28.0,23.0,-20.0,-2.0,7.4,-5.6,4.6,-4.0,-0.3333333333333333,1
188.33333333333334,218.0,220.5,172.83333333333334,129.66666666666666,232.0,3,0,1,1,0,0,0,1,0,0,1,0.0,5.0,19.0,0.0,0.0,-44.0,7.0,2.0,75.0,-12.0,-8.8,1.4,0.4,15.0,-2.0,1
204.33333333333334,244.33333333333334,238.83333333333334,199.66666666666666,173.83333333333334,251.0,2,0,1,1,0,1,1,0,1,1,0,0.0,17.0,12.0,0.0,0.0,-29.0,-14.0,6.0,36.0,23.0,-5.8,-2.8,1.2,7.2,3.8333333333333335,0
88.0,108.5,94.83333333333333,45.833333333333336,66.83333333333333,129.0,3,1,1,0,2,0,1,0,0,3,1,0.0,42.0,0.0,11.0,4.0,13.0,-38.0,68.0,12.0,-37.0,2.6,-7.6,13.6,2.4,-6.166666666666667,1
185.66666666666666,192.33333333333334,226.33333333333334,263.6666666666667,272.3333333333333,285.0,5,1,1,0,1,2,2,1,0,1,1,0.0,9.0,0.0,10.0,1.0,17.0,-17.0,-38.0,-16.0,32.0,3.4,-3.4,-7.6,-3.2,5.333333333333333,0
259.0,215.33333333333334,213.16666666666666,175.5,158.5,274.0,1,0,0,2,1,0,0,2,0,1,0,0.0,0.0,10.0,14.0,132.0,40.0,17.0,4.0,-3.0,30.0,8.0,3.4,0.8,-0.6,5.0,0
112.16666666666667,123.16666666666667,145.83333333333334,113.5,70.0,154.0,3,2,0,1,1,0,2,0,1,0,2,1.0,0.0,8.0,1.0,0.0,4.0,-26.0,10.0,60.0,-12.0,0.8,-5.2,2.0,12.0,-2.0,0
88.66666666666667,97.0,105.5,133.66666666666666,180.5,105.0,3,0,1,1,0,0,0,1,1,0,0,0.0,7.0,2.0,0.0,0.0,-6.0,-7.0,-8.0,-36.0,-43.0,-1.2,-1.4,-1.6,-7.2,-7.166666666666667,0
243.83333333333334,249.33333333333334,200.83333333333334,173.33333333333334,157.66666666666666,254.0,2,1,1,0,1,1,0,0,1,0,1,23.0,0.0,0.0,7.0,4.0,-21.0,12.0,61.0,-1.0,-2.0,-4.2,2.4,12.2,-0.2,-0.3333333333333333,1
318.0,291.3333333333333,266.5,248.0,210.66666666666666,336.0,1,1,1,2,2,0,2,1,1,2,1,3.0,2.0,7.0,7.0,0.0,33.0,17.0,52.0,-7.0,12.0,6.6,3.4,10.4,-1.4,2.0,0
243.83333333333334,263.8333333333333,272.3333333333333,266.5,261.8333333333333,279.0,3,0,1,1,1,0,1,2,0,1,1,0.0,1.0,17.0,15.0,0.0,-19.0,7.0,-12.0,-5.0,23.0,-3.8,1.4,-2.4,-1.0,3.8333333333333335,1
166.16666666666666,194.33333333333334,234.16666666666666,243.16666666666666,259.6666666666667,244.0,4,0,0,2,1,0,0,0,2,2,0,0.0,0.0,16.0,1.0,0.0,-14.0,-48.0,-16.0,0.0,-14.0,-2.8,-9.6,-3.2,0.0,-2.3333333333333335,1
199.5,149.33333333333334,96.66666666666667,107.0,109.83333333333333,213.0,1,1,0,0,1,0,0,0,1,0,1,6.0,0.0,0.0,23.0,0.0,29.0,42.0,36.0,-23.0,-9.0,5.8,8.4,7.2,-4.6,-1.5,1
269.5,245.66666666666666,192.16666666666666,172.33333333333334,168.83333333333334,277.0,1,0,0,0,1,0,0,0,1,0,0,0.0,0.0,0.0,22.0,0.0,16.0,29.0,57.0,-21.0,13.0,3.2,5.8,11.4,-4.2,2.1666666666666665,1
88.5,122.0,116.33333333333333,175.16666666666666,199.33333333333334,200.0,5,0,1,0,1,1,1,0,1,0,3,0.0,29.0,0.0,47.0,1.0,21.0,-13.0,-31.0,-44.0,-1.0,4.2,-2.6,-6.2,-8.8,-0.16666666666666666,1
148.0,178.83333333333334,210.83333333333334,191.16666666666666,183.5,218.0,3,1,0,1,0,0,1,0,0,0,1,1.0,0.0,18.0,0.0,0.0,5.0,-44.0,-16.0,24.0,-12.0,1.0,-8.8,-3.2,4.8,-2.0,1
101.83333333333333,106.83333333333333,100.33333333333333,93.66666666666667,139.66666666666666,151.0,5,1,2,1,0,1,3,2,0,1,0,5.0,5.0,4.0,0.0,34.0,-1.0,-3.0,16.0,-25.0,-32.0,-0.2,-0.6,3.2,-5.0,-5.333333333333333,0
62.0,81.0,134.16666666666666,188.66666666666666,239.16666666666666,244.0,5,1,1,0,0,1,1,1,0,0,1,5.0,34.0,0.0,0.0,15.0,1.0,-45.0,-54.0,-54.0,-17.0,0.2,-9.0,-10.8,-10.8,-2.8333333333333335,0
208.66666666666666,191.33333333333334,179.0,149.33333333333334,140.83333333333334,220.0,1,1,1,1,1,1,0,3,0,1,1,30.0,1.0,9.0,14.0,4.0,-17.0,14.0,28.0,-11.0,0.0,-3.4,2.8,5.6,-2.2,0.0,1
189.66666666666666,152.0,100.33333333333333,83.66666666666667,64.33333333333333,196.0,1,1,1,1,0,0,1,1,1,0,1,8.0,5.0,7.0,0.0,130.0,13.0,32.0,40.0,13.0,2.0,2.6,6.4,8.0,2.6,0.3333333333333333,0
173.16666666666666,256.0,301.5,305.1666666666667,291.1666666666667,313.0,4,0,0,2,1,1,0,0,1,1,1,0.0,0.0,19.0,4.0,3.0,-71.0,-63.0,-18.0,11.0,15.0,-14.2,-12.6,-3.6,2.2,2.5,1
66.83333333333333,64.0,57.166666666666664,59.166666666666664,76.83333333333333,73.0,2,3,0,1,1,0,2,2,2,1,0,8.0,0.0,1.0,2.0,0.0,-5.0,15.0,4.0,-5.0,-25.0,-1.0,3.0,0.8,-1.0,-4.166666666666667,0
165.66666666666666,184.16666666666666,212.83333333333334,167.0,127.66666666666667,221.0,3,2,1,1,0,1,2,1,0,1,0,3.0,13.0,17.0,60.0,0.0,-2.0,-18.0,-3.0,48.0,35.0,-0.4,-3.6,-0.6,9.6,5.833333333333333,0
146.66666666666666,175.16666666666666,231.33333333333334,200.0,141.5,243.0,3,1,0,1,0,0,1,0,0,0,1,13.0,0.0,26.0,0.0,0.0,-8.0,-56.0,-8.0,40.0,28.0,-1.6,-11.2,-1.6,8.0,4.666666666666667,0
185.66666666666666,196.16666666666666,208.33333333333334,198.0,220.0,214.0,5,1,0,2,1,1,1,0,1,2,1,19.0,0.0,5.0,5.0,1.0,-18.0,-14.0,5.0,-7.0,-25.0,-3.6,-2.8,1.0,-1.4,-4.166666666666667,1
218.5,243.16666666666666,211.66666666666666,124.16666666666667,133.33333333333334,249.0,2,0,2,0,0,0,0,1,0,1,0,0.0,3.0,0.0,0.0,0.0,-51.0,8.0,50.0,55.0,-33.0,-10.2,1.6,10.0,11.0,-5.5,1
170.16666666666666,206.66666666666666,228.33333333333334,249.5,213.33333333333334,271.0,4,0,1,0,1,2,0,1,0,1,1,0.0,14.0,0.0,24.0,1.0,-33.0,-11.0,-35.0,17.0,5.0,-6.6,-2.2,-7.0,3.4,0.8333333333333334,1
98.33333333333333,122.0,124.0,135.0,150.16666666666666,157.0,5,1,2,1,2,1,1,2,1,1,0,36.0,2.0,1.0,1.0,19.0,-21.0,4.0,-10.0,5.0,-12.0,-4.2,0.8,-2.0,1.0,-2.0,0
134.33333333333334,154.66666666666666,212.0,243.66666666666666,199.66666666666666,247.0,4,0,0,0,2,0,1,0,0,1,0,0.0,0.0,0.0,4.0,0.0,-4.0,-25.0,-53.0,6.0,55.0,-0.8,-5.0,-10.6,1.2,9.166666666666666,1
254.33333333333334,253.66666666666666,236.33333333333334,229.33333333333334,215.5,263.0,2,2,1,1,1,1,2,2,1,1,0,9.0,2.0,9.0,3.0,11.0,-5.0,37.0,-9.0,32.0,-10.0,-1.0,7.4,-1.8,6.4,-1.6666666666666667,0
127.66666666666667,125.83333333333333,134.0,148.66666666666666,142.5,153.0,4,1,1,0,1,0,2,1,0,0,0,0.0,4.0,0.0,11.0,1.0,9.0,-5.0,-11.0,-10.0,20.0,1.8,-1.0,-2.2,-2.0,3.3333333333333335,0
220.0,185.33333333333334,133.83333333333334,132.5,149.33333333333334,228.0,1,1,0,0,0,1,1,0,1,0,1,4.0,0.0,0.0,71.0,6.0,20.0,30.0,40.0,-17.0,-12.0,4.0,6.0,8.0,-3.4,-2.0,1
154.0,154.0,155.66666666666666,150.16666666666666,150.66666666666666,158.0,3,0,0,2,1,0,0,1,0,1,2,0.0,0.0,4.0,5.0,3.0,0.0,0.0,1.0,-2.0,1.0,0.0,0.0,0.2,-0.4,0.16666666666666666,0
155.0,170.5,192.66666666666666,182.0,163.16666666666666,197.0,3,0,0,1,1,1,0,0,1,0,3,0.0,0.0,10.0,0.0,1.0,-10.0,-22.0,-4.0,23.0,3.0,-2.0,-4.4,-0.8,4.6,0.5,0
121.16666666666667,158.16666666666666,218.0,263.1666666666667,236.5,276.0,4,0,0,0,2,0,0,0,0,0,0,0.0,0.0,0.0,27.0,0.0,-30.0,-34.0,-61.0,-27.0,95.0,-6.0,-6.8,-12.2,-5.4,15.833333333333334,1
258.6666666666667,271.1666666666667,274.3333333333333,287.1666666666667,285.3333333333333,292.0,4,0,2,2,3,0,0,2,1,1,2,0.0,4.0,1.0,1.0,0.0,-13.0,-5.0,-1.0,0.0,-9.0,-2.6,-1.0,-0.2,0.0,-1.5,0
96.66666666666667,92.16666666666667,107.0,107.16666666666667,142.66666666666666,120.0,4,2,0,1,1,0,1,1,0,2,0,3.0,0.0,21.0,1.0,0.0,-1.0,-5.0,-16.0,12.0,-71.0,-0.2,-1.0,-3.2,2.4,-11.833333333333334,0
250.66666666666666,257.5,239.16666666666666,175.0,110.33333333333333,262.0,2,2,1,0,0,0,1,0,0,0,0,10.0,11.0,0.0,0.0,0.0,-9.0,-10.0,45.0,63.0,19.0,-1.8,-2.0,9.0,12.6,3.1666666666666665,1
254.66666666666666,292.5,327.0,320.1666666666667,234.66666666666666,333.0,4,0,0,2,2,0,1,0,1,1,0,0.0,65.0,9.0,16.0,0.0,-18.0,-33.0,-2.0,22.0,95.0,-3.6,-6.6,-0.4,4.4,15.833333333333334,0
92.83333333333333,133.83333333333334,149.83333333333334,78.33333333333333,85.83333333333333,163.0,3,0,0,1,0,1,1,0,0,1,0,0.0,0.0,1.0,4.0,7.0,-8.0,-51.0,36.0,39.0,-7.0,-1.6,-10.2,7.2,7.8,-1.1666666666666667,1
173.66666666666666,200.0,197.0,146.33333333333334,108.16666666666667,221.0,2,2,1,0,1,0,1,1,0,1,2,21.0,37.0,0.0,0.0,0.0,-20.0,-34.0,49.0,26.0,25.0,-4.0,-6.8,9.8,5.2,4.166666666666667,1
87.16666666666667,131.16666666666666,186.0,221.16666666666666,240.83333333333334,220.0,4,0,0,0,1,0,2,0,0,1,0,0.0,0.0,0.0,1.0,0.0,-19.0,-38.0,-59.0,-9.0,-17.0,-3.8,-7.6,-11.8,-1.8,-2.8333333333333335,1
260.3333333333333,267.0,272.8333333333333,273.3333333333333,257.8333333333333,278.0,4,1,0,1,1,0,2,0,1,1,0,1.0,0.0,1.0,9.0,0.0,-1.0,-10.0,5.0,-5.0,22.0,-0.2,-2.0,1.0,-1.0,3.6666666666666665,0
274.8333333333333,313.5,335.8333333333333,331.3333333333333,341.5,347.0,3,0,0,1,1,1,0,0,1,1,0,0.0,0.0,7.0,21.0,4.0,-29.0,-43.0,21.0,-21.0,5.0,-5.8,-8.6,4.2,-4.2,0.8333333333333334,0
184.33333333333334,224.5,251.66666666666666,263.1666666666667,208.66666666666666,281.0,4,0,2,1,1,0,0,1,0,1,0,0.0,36.0,45.0,1.0,0.0,-30.0,-36.0,-37.0,45.0,49.0,-6.0,-7.2,-7.4,9.0,8.166666666666666,1
225.16666666666666,200.33333333333334,149.66666666666666,102.16666666666667,100.5,232.0,1,1,0,0,2,0,0,0,0,1,2,12.0,0.0,0.0,4.0,0.0,2.0,23.0,63.0,4.0,3.0,0.4,4.6,12.6,0.8,0.5,1
138.5,193.83333333333334,164.33333333333334,131.66666666666666,121.16666666666667,202.0,2,0,2,0,2,0,1,0,0,1,2,0.0,27.0,0.0,3.0,0.0,-31.0,-26.0,56.0,2.0,1.0,-6.2,-5.2,11.2,0.4,0.16666666666666666,1
139.0,74.83333333333333,99.5,122.16666666666667,130.16666666666666,169.0,1,0,0,0,1,1,0,1,0,1,1,0.0,0.0,0.0,15.0,2.0,63.0,-1.0,-21.0,-15.0,-4.0,12.6,-0.2,-4.2,-3.0,-0.6666666666666666,0
269.0,232.33333333333334,179.66666666666666,134.16666666666666,125.33333333333333,275.0,1,1,0,0,2,0,0,0,0,2,0,14.0,0.0,0.0,9.0,0.0,-4.0,44.0,46.0,2.0,28.0,-0.8,8.8,9.2,0.4,4.666666666666667,1
226.16666666666666,235.5,247.83333333333334,286.0,247.5,296.0,4,1,1,1,1,0,1,1,1,0,0,0.0,21.0,32.0,30.0,0.0,7.0,-6.0,-32.0,-25.0,70.0,1.4,-1.2,-6.4,-5.0,11.666666666666666,0
116.66666666666667,93.33333333333333,91.66666666666667,119.5,175.83333333333334,124.0,1,2,1,1,0,0,0,2,2,0,0,1.0,2.0,1.0,0.0,0.0,20.0,6.0,-1.0,-38.0,-59.0,4.0,1.2,-0.2,-7.6,-9.833333333333334,1
156.5,196.33333333333334,234.5,265.5,246.5,281.0,4,0,0,2,2,0,0,0,1,1,0,0.0,0.0,22.0,34.0,0.0,-36.0,-28.0,-19.0,-33.0,54.0,-7.2,-5.6,-3.8,-6.6,9.0,0
206.16666666666666,206.5,208.0,199.5,192.5,219.0,4,1,1,1,1,0,1,1,1,2,0,0.0,20.0,20.0,0.0,0.0,7.0,-20.0,-8.0,34.0,-36.0,1.4,-4.0,-1.6,6.8,-6.0,1
177.83333333333334,188.5,184.16666666666666,174.5,132.16666666666666,196.0,3,2,2,2,1,0,1,2,1,0,0,16.0,0.0,13.0,0.0,0.0,-13.0,3.0,18.0,23.0,41.0,-2.6,0.6,3.6,4.6,6.833333333333333,0
308.1666666666667,244.83333333333334,182.83333333333334,124.33333333333333,136.33333333333334,329.0,1,1,1,1,0,0,1,1,1,1,0,3.0,0.0,12.0,184.0,0.0,33.0,66.0,34.0,17.0,-17.0,6.6,13.2,6.8,3.4,-2.8333333333333335,1
189.16666666666666,178.83333333333334,191.0,192.33333333333334,215.83333333333334,218.0,5,1,0,1,1,1,0,2,0,1,1,0.0,0.0,19.0,42.0,0.0,3.0,11.0,-14.0,-28.0,-4.0,0.6,2.2,-2.8,-5.6,-0.6666666666666666,0
232.16666666666666,226.16666666666666,169.0,150.83333333333334,155.33333333333334,252.0,2,0,1,1,0,1,1,0,1,1,0,0.0,16.0,13.0,0.0,3.0,8.0,38.0,4.0,-2.0,10.0,1.6,7.6,0.8,-0.4,1.6666666666666667,1
127.16666666666667,127.16666666666667,163.83333333333334,202.66666666666666,238.5,241.0,5,0,0,0,0,2,1,0,0,0,1,0.0,0.0,0.0,0.0,9.0,47.0,-19.0,-36.0,-30.0,-11.0,9.4,-3.8,-7.2,-6.0,-1.8333333333333333,1
274.5,217.83333333333334,163.83333333333334,152.0,150.83333333333334,299.0,1,0,0,0,2,0,0,0,1,0,0,0.0,0.0,0.0,36.0,155.0,49.0,45.0,60.0,-36.0,18.0,9.8,9.0,12.0,-7.2,3.0,1
106.83333333333333,106.83333333333333,93.33333333333333,90.0,92.66666666666667,109.0,2,1,2,2,1,0,2,1,2,3,1,2.0,1.0,0.0,2.0,0.0,0.0,7.0,5.0,0.0,-8.0,0.0,1.4,1.0,0.0,-1.3333333333333333,0
120.5,95.83333333333333,89.33333333333333,73.16666666666667,83.16666666666667,123.0,1,2,0,2,2,2,1,1,0,3,1,4.0,0.0,10.0,9.0,4.0,4.0,29.0,7.0,-1.0,-3.0,0.8,5.8,1.4,-0.2,-0.5,1
199.16666666666666,176.0,187.5,182.33333333333334,173.33333333333334,206.0,1,2,0,2,0,1,1,1,1,1,0,11.0,0.0,23.0,0.0,4.0,1.0,18.0,-22.0,15.0,22.0,0.2,3.6,-4.4,3.0,3.6666666666666665,0
225.83333333333334,205.66666666666666,157.66666666666666,141.5,120.16666666666667,235.0,1,1,1,1,1,0,1,1,1,1,1,2.0,1.0,4.0,7.0,93.0,17.0,42.0,6.0,5.0,-17.0,3.4,8.4,1.2,1.0,-2.8333333333333335,0
187.16666666666666,166.5,126.83333333333333,111.33333333333333,100.5,191.0,1,1,0,0,0,0,0,0,0,0,0,11.0,0.0,0.0,0.0,0.0,-10.0,35.0,24.0,12.0,5.0,-2.0,7.0,4.8,2.4,0.8333333333333334,0
87.5,96.33333333333333,121.66666666666667,131.33333333333334,127.66666666666667,135.0,4,1,0,0,1,0,3,0,0,0,1,1.0,0.0,0.0,1.0,0.0,2.0,-21.0,-18.0,7.0,-14.0,0.4,-4.2,-3.6,1.4,-2.3333333333333335,1
280.3333333333333,238.33333333333334,181.16666666666666,156.5,82.0,304.0,1,0,1,0,1,0,0,1,1,0,1,0.0,1.0,0.0,18.0,0.0,45.0,33.0,56.0,28.0,42.0,9.0,6.6,11.2,5.6,7.0,0
137.66666666666666,169.0,178.5,174.83333333333334,130.0,190.0,4,0,2,2,0,0,0,2,1,0,0,0.0,20.0,15.0,0.0,0.0,-18.0,-20.0,-13.0,30.0,44.0,-3.6,-4.0,-2.6,6.0,7.333333333333333,1
178.0,160.33333333333334,148.0,178.83333333333334,210.83333333333334,218.0,5,0,1,1,0,1,0,1,1,0,0,0.0,0.0,1.0,0.0,18.0,0.0,30.0,5.0,-44.0,-16.0,0.0,6.0,1.0,-8.8,-2.6666666666666665,0
190.0,102.33333333333333,80.66666666666667,94.83333333333333,102.16666666666667,221.0,1,0,1,0,2,1,0,1,1,2,0,0.0,13.0,0.0,16.0,4.0,67.0,38.0,26.0,-16.0,-2.0,13.4,7.6,5.2,-3.2,-0.3333333333333333,1
208.33333333333334,225.83333333333334,201.16666666666666,179.66666666666666,185.0,240.0,2,0,1,0,1,1,1,0,0,1,1,0.0,44.0,0.0,18.0,0.0,33.0,-42.0,53.0,-13.0,11.0,6.6,-8.4,10.6,-2.6,1.8333333333333333,1
222.0,211.66666666666666,204.83333333333334,145.66666666666666,93.16666666666667,237.0,1,0,1,0,0,0,0,2,0,0,0,0.0,19.0,0.0,0.0,172.0,29.0,-17.0,38.0,43.0,54.0,5.8,-3.4,7.6,8.6,9.0,0
183.33333333333334,197.0,219.0,238.83333333333334,222.33333333333334,244.0,4,1,1,1,2,1,1,1,0,2,0,24.0,2.0,37.0,9.0,1.0,-24.0,-4.0,-34.0,-5.0,45.0,-4.8,-0.8,-6.8,-1.0,7.5,1
189.33333333333334,209.16666666666666,193.16666666666666,182.0,175.5,213.0,2,0,2,1,1,0,0,1,1,1,2,0.0,6.0,0.0,0.0,0.0,-21.0,1.0,11.0,8.0,-1.0,-4.2,0.2,2.2,1.6,-0.16666666666666666,0
138.66666666666666,113.66666666666667,125.5,156.83333333333334,135.0,167.0,4,1,0,0,2,0,1,1,0,1,0,0.0,0.0,0.0,6.0,0.0,16.0,19.0,-40.0,26.0,0.0,3.2,3.8,-8.0,5.2,0.0,1
197.5,199.16666666666666,177.5,166.66666666666666,181.66666666666666,204.0,1,2,2,1,0,1,1,1,1,1,2,23.0,1.0,0.0,0.0,5.0,-22.0,13.0,17.0,-3.0,-1.0,-4.4,2.6,3.4,-0.6,-0.16666666666666666,0
170.83333333333334,195.5,203.83333333333334,197.0,149.0,211.0,2,0,1,0,1,0,0,0,1,0,0,0.0,33.0,0.0,7.0,0.0,-13.0,-33.0,12.0,9.0,69.0,-2.6,-6.6,2.4,1.8,11.5,0
171.33333333333334,185.66666666666666,166.66666666666666,161.0,151.16666666666666,194.0,2,1,1,1,2,1,1,0,1,3,1,30.0,9.0,3.0,0.0,1.0,-34.0,11.0,6.0,9.0,3.0,-6.8,2.2,1.2,1.8,0.5,1
165.83333333333334,90.16666666666667,87.5,105.0,114.33333333333333,187.0,1,0,0,1,1,2,0,1,1,1,0,0.0,0.0,1.0,15.0,3.0,55.0,28.0,-5.0,-18.0,5.0,11.0,5.6,-1.0,-3.6,0.8333333333333334,0
199.83333333333334,181.33333333333334,175.5,171.33333333333334,175.83333333333334,208.0,1,0,2,1,2,0,0,2,2,2,0,0.0,0.0,0.0,2.0,27.0,18.0,7.0,7.0,-2.0,-10.0,3.6,1.4,1.4,-0.4,-1.6666666666666667,0
218.66666666666666,237.16666666666666,248.5,217.5,228.66666666666666,266.0,3,1,2,1,1,1,0,2,0,3,1,56.0,3.0,28.0,0.0,4.0,-56.0,0.0,3.0,10.0,-31.0,-11.2,0.0,0.6,2.0,-5.166666666666667,1
159.83333333333334,178.66666666666666,188.83333333333334,187.83333333333334,150.16666666666666,196.0,4,0,2,1,1,1,1,0,2,0,1,0.0,20.0,0.0,3.0,13.0,-12.0,-20.0,-3.0,20.0,-11.0,-2.4,-4.0,-0.6,4.0,-1.8333333333333333,0
170.83333333333334,177.16666666666666,174.33333333333334,145.5,113.5,184.0,3,1,1,0,0,0,0,1,0,0,0,18.0,10.0,0.0,0.0,0.0,-17.0,1.0,19.0,28.0,41.0,-3.4,0.2,3.8,5.6,6.833333333333333,1
197.66666666666666,225.33333333333334,226.16666666666666,245.83333333333334,200.16666666666666,261.0,4,0,2,1,1,1,0,1,1,0,1,0.0,2.0,14.0,19.0,7.0,-41.0,7.0,-2.0,28.0,-3.0,-8.2,1.4,-0.4,5.6,-0.5,1
189.16666666666666,231.5,251.33333333333334,207.66666666666666,152.66666666666666,259.0,3,1,0,1,0,0,0,2,0,0,1,76.0,0.0,10.0,0.0,0.0,-73.0,-10.0,7.0,50.0,29.0,-14.6,-2.0,1.4,10.0,4.833333333333333,1
237.66666666666666,225.5,176.5,103.16666666666667,89.0,244.0,1,2,0,0,0,1,0,0,0,2,2,20.0,0.0,0.0,0.0,1.0,-18.0,25.0,47.0,49.0,-3.0,-3.6,5.0,9.4,9.8,-0.5,1
160.33333333333334,144.83333333333334,148.66666666666666,138.83333333333334,154.0,179.0,1,0,1,1,0,1,2,1,0,1,1,0.0,1.0,11.0,0.0,3.0,32.0,10.0,-5.0,-5.0,-9.0,6.4,2.0,-1.0,-1.0,-1.5,1
194.33333333333334,134.33333333333334,114.33333333333333,106.16666666666667,92.66666666666667,225.0,1,0,0,1,2,0,0,1,0,1,0,0.0,0.0,4.0,4.0,142.0,62.0,36.0,7.0,-2.0,23.0,12.4,7.2,1.4,-0.4,3.8333333333333335,0
215.83333333333334,190.83333333333334,159.66666666666666,157.0,174.5,234.0,1,0,2,0,1,1,1,1,2,1,0,0.0,0.0,0.0,30.0,15.0,42.0,11.0,42.0,-29.0,-14.0,8.4,2.2,8.4,-5.8,-2.3333333333333335,1
135.16666666666666,194.83333333333334,229.5,246.16666666666666,243.5,250.0,4,0,1,1,2,0,1,1,1,1,0,0.0,33.0,31.0,8.0,0.0,-29.0,-33.0,-31.0,1.0,-9.0,-5.8,-6.6,-6.2,0.2,-1.5,0
74.0,73.83333333333333,83.83333333333333,88.16666666666667,131.16666666666666,88.0,3,0,1,1,1,0,0,1,1,1,0,0.0,0.0,11.0,3.0,0.0,0.0,0.0,-4.0,-27.0,-46.0,0.0,0.0,-0.8,-5.4,-7.666666666666667,0
67.83333333333333,70.16666666666667,85.33333333333333,105.33333333333333,133.33333333333334,68.0,1,1,0,0,0,0,2,1,0,0,0,1.0,0.0,0.0,0.0,0.0,4.0,-6.0,-18.0,-15.0,-33.0,0.8,-1.2,-3.6,-3.0,-5.5,0
227.83333333333334,162.83333333333334,106.5,112.0,117.66666666666667,252.0,1,0,0,0,1,0,0,0,1,0,0,141.0,0.0,0.0,55.0,0.0,48.0,52.0,47.0,-54.0,19.0,9.6,10.4,9.4,-10.8,3.1666666666666665,1
124.5,154.66666666666666,87.5,88.66666666666667,89.33333333333333,163.0,2,0,1,0,1,1,0,0,1,0,1,0.0,8.0,0.0,27.0,1.0,-51.0,18.0,63.0,-27.0,30.0,-10.2,3.6,12.6,-5.4,5.0,0
163.0,112.0,72.83333333333333,71.83333333333333,93.33333333333333,177.0,1,0,0,0,0,0,0,0,1,0,0,0.0,0.0,0.0,0.0,69.0,32.0,47.0,21.0,-19.0,-24.0,6.4,9.4,4.2,-3.8,-4.0,0
107.5,96.83333333333333,141.66666666666666,162.0,148.83333333333334,177.0,4,0,0,1,0,1,0,1,0,2,0,0.0,0.0,61.0,0.0,3.0,11.0,-12.0,-52.0,27.0,17.0,2.2,-2.4,-10.4,5.4,2.8333333333333335,1
203.83333333333334,216.66666666666666,223.0,224.66666666666666,263.3333333333333,273.0,5,1,2,1,1,1,1,2,2,1,0,37.0,12.0,4.0,0.0,11.0,-26.0,11.0,4.0,-42.0,16.0,-5.2,2.2,0.8,-8.4,2.6666666666666665,0
185.5,191.0,165.16666666666666,122.66666666666667,130.83333333333334,197.0,2,1,1,0,0,1,1,0,0,1,0,0.0,14.0,0.0,0.0,5.0,8.0,-9.0,43.0,2.0,-5.0,1.6,-1.8,8.6,0.4,-0.8333333333333334,0
220.83333333333334,178.5,150.16666666666666,136.0,108.0,232.0,1,1,0,1,0,0,1,0,2,0,1,3.0,0.0,1.0,0.0,133.0,22.0,41.0,11.0,17.0,27.0,4.4,8.2,2.2,3.4,4.5,0
236.0,202.16666666666666,143.16666666666666,114.83333333333333,118.16666666666667,240.0,1,2,0,0,2,1,1,0,0,2,0,0.0,0.0,0.0,9.0,0.0,10.0,39.0,62.0,-6.0,5.0,2.0,7.8,12.4,-1.2,0.8333333333333334,0
191.33333333333334,180.83333333333334,140.16666666666666,154.0,191.33333333333334,208.0,5,1,0,1,1,1,1,0,1,2,0,8.0,0.0,44.0,3.0,66.0,-4.0,21.0,1.0,18.0,-57.0,-0.8,4.2,0.2,3.6,-9.5,1
96.83333333333333,83.0,78.83333333333333,142.16666666666666,247.83333333333334,101.0,1,3,0,0,0,0,1,2,0,0,0,10.0,0.0,0.0,0.0,0.0,-10.0,33.0,-29.0,-83.0,-80.0,-2.0,6.6,-5.8,-16.6,-13.333333333333334,0
167.33333333333334,109.66666666666667,85.0,72.0,87.16666666666667,198.0,1,0,0,0,0,0,0,0,0,2,0,99.0,0.0,0.0,0.0,0.0,58.0,29.0,16.0,4.0,-22.0,11.6,5.8,3.2,0.8,-3.6666666666666665,1
265.3333333333333,292.3333333333333,286.8333333333333,257.8333333333333,227.33333333333334,298.0,2,0,2,1,0,0,0,2,1,0,1,0.0,2.0,4.0,0.0,0.0,-39.0,4.0,14.0,28.0,0.0,-7.8,0.8,2.8,5.6,0.0,0
235.83333333333334,248.0,276.0833333333333,258.0,213.0,283.0,3,0,1,1,1,0,1,1,0,1,1,0.0,6.0,25.0,2.0,0.0,0.0,-5.0,-25.0,53.0,23.0,0.0,-1.0,-5.0,10.6,3.8333333333333335,0
175.5,180.16666666666666,195.5,221.16666666666666,202.66666666666666,232.0,4,1,1,0,1,0,0,1,1,0,0,22.0,17.0,0.0,24.0,0.0,-20.0,-10.0,-15.0,-19.0,33.0,-4.0,-2.0,-3.0,-3.8,5.5,0
352.3333333333333,380.0,376.3333333333333,362.1666666666667,315.8333333333333,383.0,2,0,3,1,1,0,1,1,3,0,0,0.0,7.0,1.0,2.0,0.0,-24.0,-6.0,5.0,23.0,46.0,-4.8,-1.2,1.0,4.6,7.666666666666667,0
196.0,196.0,179.0,157.16666666666666,164.0,203.0,3,0,1,1,1,0,0,1,1,1,0,0.0,7.0,5.0,16.0,0.0,0.0,0.0,35.0,-13.0,0.0,0.0,0.0,7.0,-2.6,0.0,0
158.5,168.83333333333334,191.0,229.0,269.3333333333333,173.0,2,1,1,0,0,0,1,1,0,0,0,21.0,11.0,0.0,0.0,0.0,-19.0,-10.0,-27.0,-36.0,-31.0,-3.8,-2.0,-5.4,-7.2,-5.166666666666667,1
182.83333333333334,193.5,179.16666666666666,157.66666666666666,168.66666666666666,208.0,2,2,1,2,0,1,1,0,1,1,0,13.0,36.0,9.0,0.0,12.0,0.0,-33.0,15.0,33.0,-9.0,0.0,-6.6,3.0,6.6,-1.5,0
292.5,287.8333333333333,295.0,273.0,268.0,312.0,1,0,2,1,0,0,1,2,0,1,0,0.0,4.0,18.0,0.0,44.0,29.0,-1.0,-6.0,17.0,0.0,5.8,-0.2,-1.2,3.4,0.0,1
166.16666666666666,189.66666666666666,187.0,180.33333333333334,173.0,198.0,2,0,2,0,1,0,0,0,1,2,0,0.0,18.0,0.0,2.0,0.0,-17.0,-18.0,17.0,-2.0,0.0,-3.4,-3.6,3.4,-0.4,0.0,1
172.33333333333334,163.33333333333334,147.16666666666666,137.83333333333334,152.5,187.0,1,2,1,1,1,0,2,1,3,1,0,21.0,3.0,2.0,8.0,0.0,-20.0,12.0,25.0,-7.0,-20.0,-4.0,2.4,5.0,-1.4,-3.3333333333333335,0
232.66666666666666,192.83333333333334,196.16666666666666,160.33333333333334,125.66666666666667,251.0,1,0,0,1,0,0,0,2,0,0,0,0.0,0.0,12.0,139.0,0.0,37.0,16.0,-3.0,41.0,28.0,7.4,3.2,-0.6,8.2,4.666666666666667,1
217.5,195.66666666666666,150.5,120.0,136.16666666666666,221.0,1,1,1,1,1,1,0,1,1,1,0,10.0,1.0,3.0,0.0,27.0,-7.0,34.0,39.0,28.0,-23.0,-1.4,6.8,7.8,5.6,-3.8333333333333335,1
90.16666666666667,83.5,108.66666666666667,156.33333333333334,173.66666666666666,165.0,4,0,0,0,1,0,0,1,0,1,0,0.0,0.0,0.0,21.0,0.0,23.0,-5.0,-46.0,-16.0,-34.0,4.6,-1.0,-9.2,-3.2,-5.666666666666667,1
217.5,199.66666666666666,189.16666666666666,276.0,354.5,356.0,5,2,1,1,0,1,2,2,1,0,1,1.0,0.0,1.0,0.0,2.0,4.0,31.0,-33.0,-90.0,-2.0,0.8,6.2,-6.6,-18.0,-0.3333333333333333,1
143.0,156.0,187.0,184.83333333333334,177.0,197.0,3,1,1,2,1,0,0,2,1,1,0,21.0,7.0,32.0,2.0,0.0,-20.0,-5.0,-32.0,19.0,0.0,-4.0,-1.0,-6.4,3.8,0.0,1
74.66666666666667,88.0,111.66666666666667,155.83333333333334,165.5,169.0,5,2,0,0,1,2,1,0,0,1,0,3.0,0.0,0.0,26.0,1.0,2.0,-15.0,-30.0,-26.0,8.0,0.4,-3.0,-6.0,-5.2,1.3333333333333333,0
143.33333333333334,119.83333333333333,53.0,54.333333333333336,80.5,167.0,1,2,0,0,0,0,0,1,0,1,0,46.0,0.0,0.0,0.0,0.0,-46.0,114.0,0.0,-6.0,-32.0,-9.2,22.8,0.0,-1.2,-5.333333333333333,0
165.33333333333334,175.83333333333334,172.33333333333334,173.33333333333334,179.66666666666666,185.0,5,0,3,0,0,2,0,1,1,0,0,0.0,7.0,0.0,0.0,4.0,-12.0,-7.0,15.0,-10.0,10.0,-2.4,-1.4,3.0,-2.0,1.6666666666666667,0
191.16666666666666,169.0,165.5,153.33333333333334,152.5,194.0,1,2,0,1,1,0,1,1,2,0,1,6.0,0.0,2.0,12.0,0.0,-6.0,14.0,32.0,-12.0,-7.0,-1.2,2.8,6.4,-2.4,-1.1666666666666667,0
44.5,100.0,155.0,196.33333333333334,208.16666666666666,207.0,4,0,0,1,1,1,1,0,0,1,1,0.0,0.0,46.0,27.0,0.0,-18.0,-63.0,-41.0,-23.0,-9.0,-3.6,-12.6,-8.2,-4.6,-1.5,0
210.33333333333334,184.66666666666666,150.66666666666666,118.0,100.66666666666667,220.0,1,1,0,0,0,3,1,0,0,1,1,0.0,0.0,0.0,0.0,1.0,16.0,34.0,24.0,31.0,1.0,3.2,6.8,4.8,6.2,0.16666666666666666,0
166.0,187.5,228.0,232.0,254.33333333333334,254.0,5,1,0,2,1,1,2,0,2,0,2,0.0,0.0,12.0,31.0,0.0,-3.0,-40.0,-9.0,-19.0,-5.0,-0.6,-8.0,-1.8,-3.8,-0.8333333333333334,1
203.66666666666666,142.33333333333334,126.5,115.83333333333333,107.66666666666667,224.0,1,0,1,1,2,1,0,1,1,2,1,0.0,2.0,0.0,3.0,4.0,52.0,19.0,25.0,-3.0,5.0,10.4,3.8,5.0,-0.6,0.8333333333333334,0
330.3333333333333,290.0,219.0,163.83333333333334,123.0,342.0,1,2,2,0,1,0,1,2,1,0,1,15.0,0.0,0.0,12.0,0.0,2.0,47.0,78.0,50.0,-14.0,0.4,9.4,15.6,10.0,-2.3333333333333335,1
99.0,142.5,198.66666666666666,157.5,141.5,215.0,3,0,1,1,1,0,0,1,0,1,1,0.0,4.0,46.0,0.0,0.0,-47.0,-15.0,-46.0,65.0,-29.0,-9.4,-3.0,-9.2,13.0,-4.833333333333333,1
187.16666666666666,188.66666666666666,192.66666666666666,185.33333333333334,217.0,230.0,5,2,1,2,1,1,2,1,1,1,0,6.0,0.0,3.0,0.0,38.0,-6.0,-5.0,7.0,15.0,-26.0,-1.2,-1.0,1.4,3.0,-4.333333333333333,0
186.16666666666666,201.16666666666666,223.0,258.8333333333333,258.1666666666667,270.0,4,0,1,0,1,0,0,0,1,0,0,0.0,23.0,0.0,22.0,0.0,-10.0,-23.0,-28.0,-22.0,23.0,-2.0,-4.6,-5.6,-4.4,3.8333333333333335,0
174.0,173.16666666666666,192.0,177.16666666666666,143.5,202.0,4,2,1,1,0,0,2,2,1,0,1,0.0,24.0,17.0,49.0,0.0,14.0,-21.0,-12.0,37.0,27.0,2.8,-4.2,-2.4,7.4,4.5,1
238.33333333333334,223.0,215.0,217.83333333333334,211.5,249.0,1,1,1,1,2,0,0,1,1,1,1,20.0,3.0,16.0,10.0,0.0,-4.0,9.0,-12.0,-8.0,5.0,-0.8,1.8,-2.4,-1.6,0.8333333333333334,0
162.0,119.5,65.66666666666667,76.5,132.66666666666666,190.0,1,0,1,0,0,1,1,0,1,0,0,0.0,7.0,0.0,50.0,26.0,60.0,11.0,60.0,-58.0,-23.0,12.0,2.2,12.0,-11.6,-3.8333333333333335,0
161.0,177.0,209.16666666666666,178.33333333333334,120.0,222.0,3,0,0,1,0,2,2,0,0,1,1,0.0,0.0,26.0,0.0,1.0,-9.0,-22.0,-17.0,63.0,13.0,-1.8,-4.4,-3.4,12.6,2.1666666666666665,1
223.0,209.66666666666666,193.33333333333334,200.16666666666666,202.5,227.0,2,2,0,1,0,2,2,0,1,1,0,8.0,0.0,37.0,0.0,10.0,6.0,34.0,-28.0,20.0,7.0,1.2,6.8,-5.6,4.0,1.1666666666666667,0
309.1666666666667,300.1666666666667,266.8333333333333,210.16666666666666,194.66666666666666,310.0,1,3,0,0,0,1,1,0,0,2,1,2.0,0.0,0.0,0.0,3.0,0.0,15.0,40.0,45.0,-11.0,0.0,3.0,8.0,9.0,-1.8333333333333333,1
186.16666666666666,186.83333333333334,193.5,227.33333333333334,247.5,233.0,4,2,2,1,1,0,2,2,2,1,0,1.0,14.0,0.0,19.0,0.0,10.0,-12.0,0.0,-15.0,-24.0,2.0,-2.4,0.0,-3.0,-4.0,0
217.33333333333334,185.16666666666666,123.16666666666667,93.83333333333333,121.83333333333333,223.0,1,1,0,0,0,0,1,0,0,1,0,4.0,0.0,0.0,88.0,0.0,9.0,45.0,56.0,-11.0,-29.0,1.8,9.0,11.2,-2.2,-4.833333333333333,0
324.8333333333333,284.3333333333333,186.16666666666666,100.66666666666667,126.66666666666667,333.0,1,1,1,0,1,0,0,1,0,2,0,1.0,2.0,0.0,4.0,0.0,23.0,34.0,95.0,1.0,-24.0,4.6,6.8,19.0,0.2,-4.0,1
308.0,310.6666666666667,303.3333333333333,305.5,265.3333333333333,321.0,2,1,1,1,1,0,0,2,1,1,0,0.0,15.0,33.0,2.0,0.0,0.0,-13.0,-5.0,23.0,44.0,0.0,-2.6,-1.0,4.6,7.333333333333333,0
170.16666666666666,210.83333333333334,294.0,315.8333333333333,349.1666666666667,315.0,3,0,0,1,0,0,1,0,0,1,0,0.0,0.0,53.0,0.0,0.0,-13.0,-59.0,-49.0,-26.0,-21.0,-2.6,-11.8,-9.8,-5.2,-3.5,1
251.0,264.5,200.5,136.0,124.33333333333333,274.0,2,1,0,0,1,0,0,0,0,1,1,42.0,0.0,0.0,0.0,0.0,-37.0,25.0,88.0,8.0,4.0,-7.4,5.0,17.6,1.6,0.6666666666666666,1
228.16666666666666,219.33333333333334,180.83333333333334,135.16666666666666,135.66666666666666,239.0,2,1,0,0,1,0,0,0,0,2,1,17.0,0.0,0.0,8.0,0.0,-12.0,35.0,36.0,10.0,-15.0,-2.4,7.0,7.2,2.0,-2.5,1
124.66666666666667,142.5,142.0,142.0,142.0,147.0,1,1,0,0,0,0,1,1,0,0,0,41.0,0.0,0.0,0.0,0.0,-40.0,3.0,0.0,0.0,0.0,-8.0,0.6,0.0,0.0,0.0,1
165.83333333333334,144.66666666666666,132.33333333333334,112.0,91.83333333333333,179.0,1,0,1,2,1,0,0,2,1,0,1,84.0,3.0,3.0,0.0,0.0,25.0,11.0,18.0,30.0,-2.0,5.0,2.2,3.6,6.0,-0.3333333333333333,1
85.83333333333333,113.33333333333333,80.66666666666667,96.66666666666667,128.5,131.0,5,0,2,0,0,2,1,0,1,0,1,0.0,10.0,0.0,0.0,6.0,-23.0,5.0,22.0,-38.0,-4.0,-4.6,1.0,4.4,-7.6,-0.6666666666666666,0
236.33333333333334,290.1666666666667,320.3333333333333,315.0,295.5,324.0,3,1,0,1,1,0,1,0,1,0,2,0.0,0.0,8.0,1.0,0.0,-18.0,-50.0,-8.0,14.0,10.0,-3.6,-10.0,-1.6,2.8,1.6666666666666667,0
370.6666666666667,345.5,309.5,240.5,148.0,376.0,1,2,0,1,0,0,1,0,1,0,0,5.0,0.0,3.0,0.0,0.0,6.0,35.0,28.0,91.0,42.0,1.2,7.0,5.6,18.2,7.0,0
153.0,159.66666666666666,162.83333333333334,179.5,191.5,211.0,5,1,2,1,0,1,1,1,1,0,0,10.0,4.0,9.0,0.0,5.0,-10.0,-3.0,-8.0,-36.0,33.0,-2.0,-0.6,-1.6,-7.2,5.5,0
309.5,285.0,264.8333333333333,238.66666666666666,194.5,312.0,1,1,1,0,1,0,0,1,1,0,1,0.0,4.0,0.0,1.0,124.0,10.0,9.0,36.0,18.0,30.0,2.0,1.8,7.2,3.6,5.0,0
83.83333333333333,130.66666666666666,182.83333333333334,197.0,113.16666666666667,215.0,4,0,0,0,1,0,1,0,0,0,0,0.0,0.0,0.0,1.0,0.0,-22.0,-45.0,-54.0,47.0,52.0,-4.4,-9.0,-10.8,9.4,8.666666666666666,1
246.33333333333334,269.3333333333333,217.16666666666666,163.66666666666666,129.33333333333334,281.0,2,0,2,0,0,1,1,1,0,0,1,0.0,4.0,0.0,116.0,2.0,-24.0,30.0,42.0,41.0,8.0,-4.8,6.0,8.4,8.2,1.3333333333333333,1
81.83333333333333,80.0,85.66666666666667,91.16666666666667,104.0,91.0,4,3,0,1,1,0,1,1,0,2,0,0.0,0.0,7.0,1.0,0.0,1.0,-2.0,-6.0,-3.0,-17.0,0.2,-0.4,-1.2,-0.6,-2.8333333333333335,0
347.1666666666667,364.5,391.8333333333333,399.5,389.0,400.0,3,1,3,2,1,2,1,2,1,1,1,10.0,6.0,30.0,0.0,0.0,-2.0,-1.0,-27.0,3.0,11.0,-0.4,-0.2,-5.4,0.6,1.8333333333333333,1
177.5,208.16666666666666,228.16666666666666,247.33333333333334,281.8333333333333,276.0,5,1,1,1,1,1,1,0,2,0,2,3.0,36.0,25.0,39.0,4.0,-5.0,-35.0,-18.0,-35.0,-35.0,-1.0,-7.0,-3.6,-7.0,-5.833333333333333,0
265.0,208.33333333333334,118.0,62.333333333333336,57.0,274.0,1,0,0,0,0,1,0,0,0,1,1,0.0,0.0,0.0,0.0,3.0,25.0,75.0,61.0,32.0,-12.0,5.0,15.0,12.2,6.4,-2.0,1
185.0,168.33333333333334,180.33333333333334,194.5,212.83333333333334,199.0,4,0,0,1,1,0,1,0,1,1,0,0.0,0.0,4.0,12.0,0.0,56.0,-13.0,-4.0,-12.0,-17.0,11.2,-2.6,-0.8,-2.4,-2.8333333333333335,0
139.33333333333334,184.33333333333334,173.83333333333334,147.66666666666666,182.0,192.0,2,0,1,1,1,1,0,2,0,1,1,0.0,19.0,4.0,41.0,19.0,-41.0,-8.0,32.0,-23.0,-14.0,-8.2,-1.6,6.4,-4.6,-2.3333333333333335,1
74.66666666666667,70.33333333333333,101.0,132.83333333333334,165.5,138.0,4,0,0,0,1,0,1,0,0,1,0,0.0,0.0,0.0,18.0,0.0,39.0,-33.0,-16.0,-20.0,-36.0,7.8,-6.6,-3.2,-4.0,-6.0,0
98.66666666666667,100.33333333333333,109.5,97.16666666666667,82.33333333333333,114.0,3,0,0,1,1,0,2,0,1,1,0,0.0,0.0,2.0,2.0,0.0,18.0,-14.0,10.0,28.0,-17.0,3.6,-2.8,2.0,5.6,-2.8333333333333335,0
247.66666666666666,278.1666666666667,289.8333333333333,264.8333333333333,176.83333333333334,300.0,3,1,1,0,1,0,1,0,1,0,0,4.0,46.0,0.0,1.0,0.0,-4.0,-44.0,15.0,59.0,65.0,-0.8,-8.8,3.0,11.8,10.833333333333334,0
199.0,225.0,228.5,238.5,264.0,277.0,5,1,1,1,0,1,1,1,3,0,0,6.0,29.0,2.0,0.0,27.0,-6.0,-22.0,0.0,-18.0,-21.0,-1.2,-4.4,0.0,-3.6,-3.5,0
250.0,240.16666666666666,217.33333333333334,192.0,128.5,254.0,1,2,1,2,0,0,1,1,2,0,0,8.0,0.0,4.0,0.0,149.0,-5.0,35.0,3.0,45.0,56.0,-1.0,7.0,0.6,9.0,9.333333333333334,0
300.6666666666667,254.83333333333334,180.16666666666666,115.0,80.33333333333333,311.0,1,0,0,0,0,1,0,0,0,1,1,0.0,0.0,234.0,0.0,0.0,24.0,62.0,50.0,56.0,8.0,4.8,12.4,10.0,11.2,1.3333333333333333,0
369.3333333333333,306.1666666666667,244.0,228.16666666666666,210.66666666666666,372.0,1,2,1,3,0,2,1,1,2,1,1,0.0,1.0,3.0,0.0,5.0,10.0,86.0,11.0,29.0,18.0,2.0,17.2,2.2,5.8,3.0,1
69.83333333333333,126.0,185.5,150.0,61.833333333333336,195.0,3,0,0,1,0,0,1,0,0,0,1,0.0,0.0,29.0,0.0,0.0,-32.0,-54.0,-29.0,80.0,16.0,-6.4,-10.8,-5.8,16.0,2.6666666666666665,1
148.0,141.5,160.83333333333334,210.33333333333334,207.0,220.0,4,3,0,0,1,0,2,2,0,0,0,3.0,0.0,0.0,21.0,0.0,1.0,12.0,-44.0,-21.0,20.0,0.2,2.4,-8.8,-4.2,3.3333333333333335,0
75.83333333333333,135.66666666666666,192.5,171.5,139.5,202.0,3,0,0,1,0,1,0,0,0,0,2,0.0,0.0,28.0,0.0,1.0,-45.0,-46.0,-23.0,27.0,5.0,-9.0,-9.2,-4.6,5.4,0.8333333333333334,1
96.16666666666667,92.83333333333333,87.66666666666667,88.16666666666667,79.83333333333333,105.0,1,1,1,1,1,1,1,1,3,0,2,15.0,0.0,2.0,3.0,2.0,-13.0,13.0,-1.0,6.0,-3.0,-2.6,2.6,-0.2,1.2,-0.5,0
185.16666666666666,214.83333333333334,199.83333333333334,135.5,113.66666666666667,221.0,2,0,2,0,1,0,0,0,0,1,0,0.0,21.0,0.0,0.0,0.0,-27.0,-20.0,43.0,43.0,16.0,-5.4,-4.0,8.6,8.6,2.6666666666666665,1
132.33333333333334,147.16666666666666,155.16666666666666,190.66666666666666,241.0,251.0,5,1,2,0,0,1,1,2,0,0,0,5.0,6.0,0.0,0.0,24.0,-13.0,-3.0,-19.0,-37.0,-12.0,-2.6,-0.6,-3.8,-7.4,-2.0,0
187.16666666666666,169.5,173.16666666666666,131.83333333333334,112.0,201.0,1,1,1,1,1,1,1,1,0,1,1,24.0,10.0,14.0,12.0,7.0,15.0,0.0,8.0,16.0,26.0,3.0,0.0,1.6,3.2,4.333333333333333,1
128.0,152.83333333333334,175.5,237.5,262.3333333333333,266.0,5,0,1,0,0,1,1,1,0,0,0,0.0,16.0,0.0,0.0,2.0,-24.0,6.0,-51.0,-50.0,12.0,-4.8,1.2,-10.2,-10.0,2.0,0
141.0,143.83333333333334,166.16666666666666,166.83333333333334,121.16666666666667,188.0,3,1,0,2,0,0,1,1,0,0,0,14.0,0.0,44.0,0.0,29.0,-7.0,11.0,-44.0,43.0,23.0,-1.4,2.2,-8.8,8.6,3.8333333333333335,1
168.5,138.66666666666666,116.83333333333333,124.83333333333333,127.0,177.0,1,1,0,1,1,0,1,0,1,1,2,0.0,0.0,5.0,21.0,0.0,19.0,26.0,4.0,-19.0,18.0,3.8,5.2,0.8,-3.8,3.0,0
154.0,146.16666666666666,110.16666666666667,78.83333333333333,86.83333333333333,155.0,1,2,2,0,0,2,1,2,0,1,2,1.0,1.0,0.0,67.0,1.0,4.0,4.0,46.0,1.0,-2.0,0.8,0.8,9.2,0.2,-0.3333333333333333,0
153.5,186.16666666666666,191.16666666666666,169.0,179.83333333333334,202.0,3,1,1,1,1,1,1,1,0,2,0,9.0,1.0,1.0,3.0,12.0,-33.0,-16.0,28.0,3.0,-12.0,-6.6,-3.2,5.6,0.6,-2.0,0
43.666666666666664,85.16666666666667,169.83333333333334,269.0,348.0,361.0,5,1,0,0,0,1,2,0,0,0,1,0.0,0.0,0.0,0.0,17.0,11.0,-68.0,-76.0,-79.0,2.0,2.2,-13.6,-15.2,-15.8,0.3333333333333333,0
217.83333333333334,234.0,195.16666666666666,136.0,123.0,242.0,2,1,1,0,0,0,1,0,0,1,0,14.0,15.0,0.0,0.0,0.0,-9.0,0.0,47.0,56.0,-21.0,-1.8,0.0,9.4,11.2,-3.5,1
208.0,235.0,292.6666666666667,305.6666666666667,231.16666666666666,336.0,4,1,0,1,0,0,0,1,0,0,0,37.0,0.0,72.0,0.0,0.0,-37.0,-30.0,-65.0,68.0,73.0,-7.4,-6.0,-13.0,13.6,12.166666666666666,1
224.66666666666666,204.66666666666666,154.66666666666666,157.0,194.5,232.0,1,2,0,1,1,1,0,0,1,2,0,23.0,0.0,7.0,33.0,27.0,-23.0,67.0,2.0,-29.0,-26.0,-4.6,13.4,0.4,-5.8,-4.333333333333333,0
217.83333333333334,263.8333333333333,273.0,287.1666666666667,211.5,318.0,4,0,1,0,1,0,1,0,1,0,1,0.0,32.0,0.0,18.0,0.0,-31.0,-29.0,-28.0,50.0,10.0,-6.2,-5.8,-5.6,10.0,1.6666666666666667,0
238.0,267.0,304.8333333333333,293.8333333333333,236.33333333333334,312.0,3,0,0,2,0,0,0,0,1,0,0,0.0,0.0,13.0,0.0,0.0,-25.0,-36.0,-13.0,29.0,19.0,-5.0,-7.2,-2.6,5.8,3.1666666666666665,1
150.66666666666666,146.83333333333334,149.0,144.83333333333334,122.5,169.0,4,2,1,0,2,1,2,2,0,2,0,2.0,0.0,0.0,1.0,0.0,-1.0,7.0,-28.0,37.0,12.0,-0.2,1.4,-5.6,7.4,2.0,0
158.5,168.83333333333334,191.0,229.0,269.3333333333333,173.0,2,1,1,0,0,0,1,1,0,0,0,21.0,11.0,0.0,0.0,0.0,-19.0,-10.0,-27.0,-36.0,-31.0,-3.8,-2.0,-5.4,-7.2,-5.166666666666667,1
154.16666666666666,165.33333333333334,166.66666666666666,163.33333333333334,178.16666666666666,169.0,2,2,1,2,1,0,2,0,2,3,0,1.0,10.0,4.0,2.0,0.0,-1.0,-9.0,-2.0,0.0,-23.0,-0.2,-1.8,-0.4,0.0,-3.8333333333333335,1
197.0,198.66666666666666,162.5,118.33333333333333,119.33333333333333,205.0,2,2,1,0,1,0,2,1,0,1,2,15.0,6.0,0.0,6.0,0.0,-10.0,12.0,63.0,-3.0,-1.0,-2.0,2.4,12.6,-0.6,-0.16666666666666666,1
203.83333333333334,228.0,217.16666666666666,239.66666666666666,276.6666666666667,281.0,5,1,1,1,0,1,1,0,2,0,0,1.0,16.0,1.0,0.0,9.0,-15.0,-13.0,12.0,-45.0,1.0,-3.0,-2.6,2.4,-9.0,0.16666666666666666,0
138.16666666666666,143.5,148.5,150.83333333333334,163.16666666666666,165.0,5,1,1,1,0,1,1,1,1,1,1,0.0,3.0,4.0,0.0,6.0,-1.0,-4.0,2.0,-13.0,-6.0,-0.2,-0.8,0.4,-2.6,-1.0,0
154.0,146.16666666666666,110.16666666666667,78.83333333333333,86.83333333333333,155.0,1,2,2,0,0,2,1,2,0,1,2,1.0,1.0,0.0,0.0,1.0,4.0,4.0,46.0,1.0,-2.0,0.8,0.8,9.2,0.2,-0.3333333333333333,1
93.83333333333333,97.5,114.33333333333333,147.0,143.0,155.0,5,1,3,0,2,0,1,2,1,1,0,9.0,9.0,0.0,20.0,0.0,12.0,-4.0,-35.0,-18.0,29.0,2.4,-0.8,-7.0,-3.6,4.833333333333333,1
250.5,266.5,256.8333333333333,184.83333333333334,169.0,273.0,2,1,2,0,1,0,1,1,0,1,0,3.0,17.0,0.0,11.0,0.0,4.0,-17.0,52.0,15.0,15.0,0.8,-3.4,10.4,3.0,2.5,1
183.33333333333334,177.0,154.5,86.83333333333333,51.166666666666664,188.0,1,2,2,0,0,0,1,1,0,0,1,2.0,8.0,0.0,0.0,0.0,11.0,-8.0,52.0,50.0,3.0,2.2,-1.6,10.4,10.0,0.5,0
236.66666666666666,157.16666666666666,91.5,63.0,146.33333333333334,255.0,1,0,0,0,0,0,0,0,1,0,0,0.0,70.0,0.0,0.0,0.0,44.0,65.0,65.0,-44.0,-80.0,8.8,13.0,13.0,-8.8,-13.333333333333334,0
286.8333333333333,334.1666666666667,348.5,315.3333333333333,249.66666666666666,351.0,3,0,1,1,0,0,0,0,1,0,0,0.0,31.0,4.0,0.0,0.0,-50.0,-29.0,-1.0,61.0,59.0,-10.0,-5.8,-0.2,12.2,9.833333333333334,1
176.66666666666666,202.83333333333334,235.66666666666666,186.0,117.16666666666667,241.0,3,1,0,1,0,0,1,0,0,0,1,12.0,0.0,12.0,0.0,0.0,-12.0,-38.0,-1.0,81.0,-9.0,-2.4,-7.6,-0.2,16.2,-1.5,1
144.66666666666666,122.16666666666667,129.5,146.66666666666666,126.16666666666667,166.0,1,1,1,0,1,0,1,1,1,0,1,3.0,14.0,28.0,3.0,0.0,43.0,-12.0,-20.0,29.0,-13.0,8.6,-2.4,-4.0,5.8,-2.1666666666666665,0
238.16666666666666,254.66666666666666,255.0,246.33333333333334,201.33333333333334,260.0,3,1,1,2,1,0,2,2,1,1,0,11.0,5.0,6.0,5.0,0.0,-6.0,-2.0,5.0,21.0,52.0,-1.2,-0.4,1.0,4.2,8.666666666666666,0
162.16666666666666,165.83333333333334,165.66666666666666,199.0,191.33333333333334,204.0,4,1,1,0,2,2,1,1,1,1,2,10.0,5.0,0.0,0.0,0.0,-9.0,1.0,-16.0,0.0,10.0,-1.8,0.2,-3.2,0.0,1.6666666666666667,1
80.66666666666667,133.83333333333334,161.66666666666666,170.5,212.33333333333334,167.0,3,0,0,1,0,0,1,0,1,0,0,0.0,0.0,12.0,0.0,0.0,-19.0,-48.0,-10.0,-22.0,-37.0,-3.8,-9.6,-2.0,-4.4,-6.166666666666667,1
187.33333333333334,217.66666666666666,247.0,265.5,258.5,270.0,4,1,1,0,1,1,1,1,0,1,1,7.0,33.0,0.0,8.0,3.0,-10.0,-31.0,-26.0,-3.0,-12.0,-2.0,-6.2,-5.2,-0.6,-2.0,1
260.6666666666667,239.5,219.5,193.16666666666666,120.0,268.0,1,1,0,1,0,0,1,0,1,0,1,13.0,0.0,17.0,0.0,144.0,-11.0,30.0,-11.0,69.0,29.0,-2.2,6.0,-2.2,13.8,4.833333333333333,0
238.16666666666666,241.83333333333334,244.66666666666666,256.0,216.33333333333334,271.0,4,2,1,1,0,0,1,1,1,0,0,14.0,6.0,41.0,0.0,0.0,-12.0,-3.0,-31.0,26.0,39.0,-2.4,-0.6,-6.2,5.2,6.5,1
164.33333333333334,188.83333333333334,194.33333333333334,188.5,192.5,203.0,3,2,1,1,2,1,1,1,1,1,1,13.0,18.0,13.0,1.0,0.0,-12.0,-7.0,3.0,0.0,-13.0,-2.4,-1.4,0.6,0.0,-2.1666666666666665,0
95.5,96.16666666666667,77.33333333333333,74.33333333333333,101.66666666666667,105.0,5,1,1,1,0,1,3,0,1,1,0,7.0,4.0,5.0,0.0,5.0,-4.0,6.0,8.0,-20.0,4.0,-0.8,1.2,1.6,-4.0,0.6666666666666666,0
147.33333333333334,167.0,141.16666666666666,144.5,162.66666666666666,169.0,2,0,3,1,0,2,0,2,1,1,1,0.0,1.0,4.0,0.0,10.0,-25.0,1.0,30.0,-15.0,-10.0,-5.0,0.2,6.0,-3.0,-1.6666666666666667,0
138.16666666666666,113.66666666666667,100.5,108.66666666666667,146.66666666666666,153.0,5,0,0,1,0,1,0,0,2,0,1,0.0,0.0,3.0,0.0,27.0,19.0,23.0,3.0,-19.0,-38.0,3.8,4.6,0.6,-3.8,-6.333333333333333,0
122.16666666666667,98.5,86.16666666666667,80.66666666666667,73.66666666666667,142.0,1,0,1,1,1,2,0,1,2,0,1,0.0,0.0,1.0,0.0,3.0,38.0,11.0,6.0,11.0,-1.0,7.6,2.2,1.2,2.2,-0.16666666666666666,0
81.83333333333333,149.0,249.5,294.3333333333333,255.83333333333334,301.0,4,0,0,0,1,0,1,0,0,0,2,0.0,0.0,0.0,7.0,0.0,-21.0,-84.0,-84.0,8.0,25.0,-4.2,-16.8,-16.8,1.6,4.166666666666667,1
122.83333333333333,118.0,118.16666666666667,135.66666666666666,106.33333333333333,140.0,4,3,1,0,1,0,1,2,1,0,0,2.0,1.0,0.0,10.0,0.0,1.0,9.0,-11.0,-5.0,45.0,0.2,1.8,-2.2,-1.0,7.5,1
104.0,95.5,96.83333333333333,113.16666666666667,138.33333333333334,115.0,4,2,0,1,1,0,1,1,1,1,0,0.0,0.0,12.0,4.0,0.0,2.0,9.0,-12.0,-7.0,-21.0,0.4,1.8,-2.4,-1.4,-3.5,0
249.0,254.66666666666666,259.1666666666667,230.33333333333334,194.5,267.0,3,1,2,0,1,1,1,1,2,0,2,4.0,17.0,0.0,1.0,0.0,9.0,-14.0,16.0,47.0,6.0,1.8,-2.8,3.2,9.4,1.0,0
219.16666666666666,207.83333333333334,219.66666666666666,246.5,275.6666666666667,260.0,4,1,1,0,1,0,2,1,0,1,0,1.0,4.0,0.0,26.0,0.0,17.0,7.0,-23.0,-26.0,-42.0,3.4,1.4,-4.6,-5.2,-7.0,1
194.16666666666666,154.5,147.33333333333334,163.16666666666666,173.0,198.0,1,2,0,1,1,0,1,1,1,1,0,6.0,0.0,25.0,8.0,0.0,2.0,52.0,-25.0,-8.0,-13.0,0.4,10.4,-5.0,-1.6,-2.1666666666666665,0
142.5,145.16666666666666,106.5,85.66666666666667,88.33333333333333,156.0,2,0,1,0,1,1,1,0,1,2,2,0.0,13.0,0.0,2.0,4.0,37.0,11.0,32.0,0.0,-11.0,7.4,2.2,6.4,0.0,-1.8333333333333333,1
76.66666666666667,88.33333333333333,111.33333333333333,136.16666666666666,96.83333333333333,150.0,4,2,0,1,1,0,1,2,1,0,1,23.0,0.0,7.0,34.0,0.0,-21.0,-8.0,1.0,-24.0,56.0,-4.2,-1.6,0.2,-4.8,9.333333333333334,1
137.66666666666666,136.66666666666666,140.66666666666666,138.16666666666666,118.83333333333333,144.0,3,2,2,2,0,0,2,2,3,0,2,4.0,3.0,5.0,22.0,0.0,1.0,1.0,-4.0,12.0,11.0,0.2,0.2,-0.8,2.4,1.8333333333333333,0
134.16666666666666,155.0,163.33333333333334,183.33333333333334,188.83333333333334,197.0,4,0,2,1,2,1,1,1,2,0,1,0.0,14.0,11.0,28.0,3.0,-7.0,-14.0,-10.0,-28.0,9.0,-1.4,-2.8,-2.0,-5.6,1.5,1
152.0,107.83333333333333,131.66666666666666,148.83333333333334,153.66666666666666,157.0,1,1,0,1,1,0,1,2,1,1,0,2.0,0.0,39.0,6.0,0.0,17.0,18.0,-39.0,0.0,-12.0,3.4,3.6,-7.8,0.0,-2.0,0
247.0,254.5,253.0,198.83333333333334,125.0,262.0,3,2,1,0,0,0,0,1,0,0,0,12.0,11.0,0.0,0.0,0.0,-12.0,-8.0,24.0,55.0,50.0,-2.4,-1.6,4.8,11.0,8.333333333333334,1
108.33333333333333,169.66666666666666,240.66666666666666,312.1666666666667,330.3333333333333,336.0,4,0,0,0,2,1,0,0,0,0,1,0.0,0.0,0.0,62.0,3.0,-47.0,-51.0,-52.0,-62.0,11.0,-9.4,-10.2,-10.4,-12.4,1.8333333333333333,1
143.16666666666666,108.16666666666667,95.0,137.33333333333334,175.5,161.0,4,2,1,0,1,0,1,1,1,1,0,13.0,2.0,0.0,47.0,0.0,3.0,37.0,-12.0,-47.0,-39.0,0.6,7.4,-2.4,-9.4,-6.5,0
84.83333333333333,138.83333333333334,169.33333333333334,174.33333333333334,173.0,186.0,5,0,0,2,1,1,0,0,2,1,0,0.0,0.0,1.0,10.0,3.0,-24.0,-54.0,18.0,-17.0,22.0,-4.8,-10.8,3.6,-3.4,3.6666666666666665,0
395.0,400.0,400.0,400.0,400.0,400.0,1,1,0,0,0,0,0,0,0,0,0,18.0,0.0,0.0,0.0,0.0,-18.0,0.0,0.0,0.0,0.0,-3.6,0.0,0.0,0.0,0.0,0
291.6666666666667,278.5,253.33333333333334,204.33333333333334,130.33333333333334,293.0,1,1,1,0,0,0,2,1,0,0,1,2.0,0.0,0.0,0.0,0.0,3.0,12.0,27.0,70.0,5.0,0.6,2.4,5.4,14.0,0.8333333333333334,0
117.5,52.5,66.66666666666667,87.83333333333333,117.0,136.0,1,0,0,1,0,1,0,2,0,1,0,0.0,43.0,45.0,0.0,7.0,40.0,41.0,-45.0,-23.0,28.0,8.0,8.2,-9.0,-4.6,4.666666666666667,0
241.66666666666666,338.8333333333333,366.3333333333333,400.0,363.3333333333333,400.0,4,0,1,2,1,0,0,1,1,0,1,0.0,58.0,48.0,0.0,0.0,-88.0,-55.0,-34.0,0.0,31.0,-17.6,-11.0,-6.8,0.0,5.166666666666667,1
132.16666666666666,146.33333333333334,163.83333333333334,181.0,184.16666666666666,187.0,4,1,1,1,1,1,2,1,1,1,1,1.0,21.0,8.0,15.0,0.0,2.0,-21.0,-10.0,-14.0,-9.0,0.4,-4.2,-2.0,-2.8,-1.5,0
196.66666666666666,235.5,275.6666666666667,291.6666666666667,278.5,293.0,4,0,0,1,1,1,0,0,0,2,1,0.0,0.0,32.0,2.0,0.0,-27.0,-35.0,-28.0,3.0,12.0,-5.4,-7.0,-5.6,0.6,2.0,1
144.83333333333334,144.66666666666666,142.83333333333334,178.33333333333334,149.16666666666666,188.0,4,0,1,0,2,0,1,0,1,0,0,0.0,14.0,0.0,26.0,23.0,12.0,-13.0,-7.0,-18.0,44.0,2.4,-2.6,-1.4,-3.6,7.333333333333333,0
205.5,223.33333333333334,226.0,226.33333333333334,237.66666666666666,240.0,5,1,1,1,1,1,1,0,2,1,0,12.0,26.0,4.0,0.0,9.0,-12.0,-26.0,9.0,1.0,-9.0,-2.4,-5.2,1.8,0.2,-1.5,0
149.0,149.0,149.0,149.0,159.0,0.0,-1,0,0,0,0,0,0,0,0,0,1,0.0,0.0,0.0,0.0,0.0,0.0,0.0,0.0,0.0,-22.0,0.0,0.0,0.0,0.0,-3.6666666666666665,0
203.0,220.0,214.33333333333334,227.0,235.16666666666666,252.0,5,0,2,3,1,1,1,1,2,0,1,0.0,8.0,5.0,38.0,11.0,-10.0,-5.0,-5.0,-33.0,17.0,-2.0,-1.0,-1.0,-6.6,2.8333333333333335,0
111.16666666666667,123.16666666666667,137.66666666666666,158.0,163.66666666666666,165.0,5,1,0,0,1,2,1,0,0,1,2,6.0,0.0,0.0,11.0,3.0,-7.0,-12.0,-16.0,-11.0,-3.0,-1.4,-2.4,-3.2,-2.2,-0.5,1
80.33333333333333,54.5,160.33333333333334,328.8333333333333,365.8333333333333,370.0,5,0,0,0,1,2,1,1,0,1,1,0.0,0.0,0.0,83.0,10.0,79.0,-42.0,-159.0,-83.0,-9.0,15.8,-8.4,-31.8,-16.6,-1.5,1
197.83333333333334,183.66666666666666,207.83333333333334,152.66666666666666,175.16666666666666,229.0,3,1,0,1,1,0,0,1,0,2,1,19.0,0.0,5.0,36.0,0.0,7.0,-29.0,44.0,0.0,-3.0,1.4,-5.8,8.8,0.0,-0.5,1
163.0,186.5,201.0,176.33333333333334,117.66666666666667,203.0,3,1,1,1,2,1,1,1,0,2,2,34.0,33.0,0.0,2.0,2.0,-17.0,-25.0,9.0,11.0,7.0,-3.4,-5.0,1.8,2.2,1.1666666666666667,1
69.33333333333333,114.5,153.83333333333334,176.83333333333334,177.0,186.0,5,0,1,2,1,2,0,1,1,2,1,0.0,30.0,46.0,5.0,3.0,-34.0,-25.0,-40.0,6.0,13.0,-6.8,-5.0,-8.0,1.2,2.1666666666666665,0
234.5,217.83333333333334,186.66666666666666,161.0,143.33333333333334,240.0,1,1,1,0,1,0,2,0,0,1,1,0.0,3.0,0.0,0.0,95.0,13.0,18.0,34.0,12.0,1.0,2.6,3.6,6.8,2.4,0.16666666666666666,1
196.83333333333334,160.16666666666666,131.5,126.33333333333333,133.16666666666666,209.0,1,2,0,2,1,0,1,1,2,0,1,9.0,0.0,3.0,15.0,0.0,12.0,53.0,10.0,-13.0,-20.0,2.4,10.6,2.0,-2.6,-3.3333333333333335,1
147.0,159.0,157.83333333333334,179.0,200.5,205.0,5,1,1,0,0,1,1,0,1,0,1,5.0,16.0,0.0,0.0,11.0,-5.0,-12.0,-8.0,-17.0,-6.0,-1.0,-2.4,-1.6,-3.4,-1.0,0
218.33333333333334,245.16666666666666,260.6666666666667,237.16666666666666,268.3333333333333,295.0,5,0,1,1,0,1,0,1,0,1,0,0.0,4.0,10.0,0.0,41.0,-45.0,-10.0,11.0,0.0,23.0,-9.0,-2.0,2.2,0.0,3.8333333333333335,1
191.0,229.0,269.3333333333333,291.5,281.5,293.0,4,0,0,0,2,1,0,0,0,2,1,0.0,0.0,0.0,4.0,0.0,-27.0,-36.0,-31.0,-3.0,14.0,-5.4,-7.2,-6.2,-0.6,2.3333333333333335,1
242.33333333333334,258.3333333333333,264.1666666666667,270.6666666666667,269.0,279.0,4,1,1,1,0,1,1,0,2,1,0,3.0,31.0,19.0,0.0,13.0,12.0,-29.0,-12.0,17.0,3.0,2.4,-5.8,-2.4,3.4,0.5,0
124.66666666666667,154.0,146.16666666666666,114.0,118.66666666666667,163.0,2,0,1,0,1,0,1,0,0,1,1,0.0,25.0,0.0,10.0,0.0,-15.0,-25.0,28.0,0.0,-5.0,-3.0,-5.0,5.6,0.0,-0.8333333333333334,1
264.5,216.16666666666666,135.33333333333334,129.16666666666666,145.5,275.0,1,0,0,1,1,0,0,0,1,2,0,0.0,0.0,7.0,5.0,0.0,25.0,56.0,47.0,-4.0,-31.0,5.0,11.2,9.4,-0.8,-5.166666666666667,0
167.66666666666666,192.0,204.16666666666666,210.16666666666666,202.5,216.0,4,0,1,0,2,1,0,0,1,1,2,0.0,23.0,0.0,1.0,1.0,-20.0,-23.0,-6.0,5.0,5.0,-4.0,-4.6,-1.2,1.0,0.8333333333333334,1
187.83333333333334,136.33333333333334,74.0,90.83333333333333,116.5,195.0,1,1,0,1,1,1,1,0,2,1,1,2.0,0.0,9.0,32.0,10.0,24.0,54.0,11.0,-30.0,-16.0,4.8,10.8,2.2,-6.0,-2.6666666666666665,0
354.1666666666667,385.8333333333333,369.0,354.6666666666667,258.0,391.0,2,0,2,3,0,1,0,2,1,0,1,0.0,3.0,12.0,0.0,1.0,-20.0,9.0,-12.0,44.0,35.0,-4.0,1.8,-2.4,8.8,5.833333333333333,1
136.16666666666666,91.16666666666667,86.33333333333333,91.66666666666667,127.66666666666667,160.0,1,0,0,1,1,1,0,1,1,1,0,0.0,0.0,14.0,0.0,28.0,49.0,31.0,-13.0,-10.0,-28.0,9.8,6.2,-2.6,-2.0,-4.666666666666667,0
135.33333333333334,90.66666666666667,97.5,126.83333333333333,126.5,161.0,1,0,1,0,1,1,0,1,1,1,0,0.0,4.0,0.0,19.0,16.0,43.0,34.0,-28.0,-6.0,-13.0,8.6,6.8,-5.6,-1.2,-2.1666666666666665,0
114.0,98.33333333333333,109.33333333333333,123.0,140.16666666666666,127.0,1,0,1,0,2,0,2,1,0,2,0,0.0,2.0,0.0,11.0,0.0,35.0,0.0,-9.0,-9.0,-37.0,7.0,0.0,-1.8,-1.8,-6.166666666666667,0
161.16666666666666,171.5,196.66666666666666,235.5,275.6666666666667,173.0,2,1,1,0,0,0,1,1,0,0,0,17.0,9.0,0.0,0.0,0.0,-12.0,-14.0,-27.0,-35.0,-28.0,-2.4,-2.8,-5.4,-7.0,-4.666666666666667,1
141.0,149.66666666666666,157.83333333333334,159.66666666666666,149.16666666666666,165.0,4,1,1,1,1,0,0,2,1,1,1,15.0,18.0,11.0,0.0,0.0,-15.0,-15.0,-3.0,11.0,2.0,-3.0,-3.0,-0.6,2.2,0.3333333333333333,0
231.16666666666666,220.16666666666666,156.33333333333334,77.16666666666667,88.5,237.0,1,1,1,0,0,1,1,2,0,2,0,11.0,2.0,0.0,148.0,18.0,1.0,19.0,88.0,9.0,-10.0,0.2,3.8,17.6,1.8,-1.6666666666666667,1
400.0,400.0,400.0,388.3333333333333,340.5,400.0,1,0,0,0,1,0,0,0,0,0,1,0.0,0.0,0.0,0.0,74.0,0.0,0.0,0.0,32.0,35.0,0.0,0.0,0.0,6.4,5.833333333333333,0
314.3333333333333,359.5,385.5,361.3333333333333,301.0,391.0,3,0,0,1,0,0,0,0,0,0,0,0.0,0.0,14.0,0.0,0.0,-42.0,-32.0,-12.0,47.0,47.0,-8.4,-6.4,-2.4,9.4,7.833333333333333,1
308.1666666666667,300.8333333333333,293.1666666666667,269.3333333333333,264.8333333333333,318.0,1,1,1,1,0,1,0,3,1,1,0,20.0,3.0,2.0,0.0,6.0,-16.0,8.0,10.0,15.0,15.0,-3.2,1.6,2.0,3.0,2.5,1
188.33333333333334,200.83333333333334,162.83333333333334,103.66666666666667,59.333333333333336,207.0,2,0,1,0,0,0,0,0,0,0,1,0.0,9.0,0.0,0.0,0.0,-15.0,6.0,40.0,54.0,-2.0,-3.0,1.2,8.0,10.8,-0.3333333333333333,0
287.6666666666667,323.1666666666667,354.1666666666667,385.8333333333333,369.0,391.0,4,0,0,0,2,2,0,0,0,2,0,0.0,0.0,0.0,3.0,13.0,-34.0,-30.0,-20.0,9.0,-12.0,-6.8,-6.0,-4.0,1.8,-2.0,1
300.5,285.5,292.5,282.3333333333333,268.0,312.0,1,1,2,1,0,0,1,1,1,1,0,10.0,9.0,18.0,0.0,0.0,18.0,-6.0,-15.0,32.0,0.0,3.6,-1.2,-3.0,6.4,0.0,1
138.0,157.33333333333334,166.66666666666666,167.0,156.83333333333334,171.0,3,2,2,2,2,0,1,2,0,1,1,2.0,13.0,11.0,3.0,0.0,-7.0,-12.0,-11.0,2.0,8.0,-1.4,-2.4,-2.2,0.4,1.3333333333333333,0
207.16666666666666,190.66666666666666,202.83333333333334,185.0,134.16666666666666,219.0,1,0,1,1,0,0,0,2,0,0,0,0.0,1.0,18.0,105.0,0.0,23.0,12.0,-14.0,32.0,46.0,4.6,2.4,-2.8,6.4,7.666666666666667,0
188.0,188.5,183.5,187.16666666666666,206.5,213.0,5,2,0,1,1,1,1,1,1,1,0,6.0,0.0,0.0,37.0,0.0,-5.0,5.0,6.0,-30.0,18.0,-1.0,1.0,1.2,-6.0,3.0,1
181.0,210.66666666666666,219.5,183.0,181.0,226.0,3,0,1,2,2,2,0,1,1,3,1,0.0,5.0,4.0,1.0,2.0,-42.0,-8.0,17.0,9.0,4.0,-8.4,-1.6,3.4,1.8,0.6666666666666666,0
256.1666666666667,218.33333333333334,181.5,113.5,86.16666666666667,287.0,1,1,1,0,0,0,1,1,0,1,0,0.0,0.0,0.0,0.0,187.0,61.0,19.0,36.0,69.0,-24.0,12.2,3.8,7.2,13.8,-4.0,0
254.66666666666666,265.1666666666667,211.83333333333334,172.83333333333334,184.66666666666666,277.0,2,1,1,0,2,0,0,2,1,1,0,48.0,3.0,0.0,3.0,0.0,-47.0,20.0,71.0,8.0,-42.0,-9.4,4.0,14.2,1.6,-7.0,0
190.16666666666666,229.66666666666666,214.16666666666666,125.66666666666667,132.66666666666666,241.0,3,0,1,0,0,0,0,0,0,1,0,0.0,29.0,0.0,0.0,0.0,-26.0,-28.0,56.0,51.0,-17.0,-5.2,-5.6,11.2,10.2,-2.8333333333333335,1
64.16666666666667,67.0,118.66666666666667,121.0,176.16666666666666,190.0,5,0,0,1,0,1,1,0,0,1,0,0.0,0.0,28.0,0.0,31.0,41.0,-33.0,-11.0,-41.0,-25.0,8.2,-6.6,-2.2,-8.2,-4.166666666666667,0
228.0,159.0,143.83333333333334,135.5,173.83333333333334,252.0,1,0,0,1,1,0,0,1,0,1,1,0.0,0.0,9.0,47.0,65.0,49.0,35.0,15.0,-41.0,-20.0,9.8,7.0,3.0,-8.2,-3.3333333333333335,0
181.0,178.5,178.0,178.0,152.16666666666666,183.0,1,0,2,0,1,0,1,2,0,0,1,0.0,5.0,0.0,0.0,0.0,3.0,2.0,0.0,0.0,8.0,0.6,0.4,0.0,0.0,1.3333333333333333,1
212.16666666666666,164.16666666666666,135.33333333333334,126.66666666666667,156.0,225.0,1,1,3,1,0,2,0,2,2,1,2,12.0,1.0,2.0,0.0,2.0,20.0,24.0,33.0,-21.0,-2.0,4.0,4.8,6.6,-4.2,-0.3333333333333333,1
170.83333333333334,114.16666666666667,147.0,134.5,147.83333333333334,214.0,1,0,0,1,0,0,0,1,0,1,0,0.0,0.0,14.0,0.0,56.0,97.0,-32.0,-8.0,7.0,-23.0,19.4,-6.4,-1.6,1.4,-3.8333333333333335,1
213.83333333333334,246.66666666666666,236.66666666666666,177.83333333333334,184.0,254.0,2,2,2,0,0,0,0,2,0,2,0,64.0,12.0,0.0,0.0,0.0,-64.0,-8.0,43.0,39.0,-28.0,-12.8,-1.6,8.6,7.8,-4.666666666666667,1
246.33333333333334,212.66666666666666,212.33333333333334,217.5,217.83333333333334,253.0,1,1,0,1,1,0,0,1,0,2,1,14.0,0.0,26.0,35.0,0.0,-8.0,43.0,-22.0,-23.0,29.0,-1.6,8.6,-4.4,-4.6,4.833333333333333,0
364.1666666666667,302.1666666666667,188.83333333333334,123.0,93.66666666666667,383.0,1,1,0,0,0,0,0,0,0,0,1,5.0,0.0,0.0,0.0,0.0,32.0,75.0,74.0,45.0,4.0,6.4,15.0,14.8,9.0,0.6666666666666666,1
110.0,110.16666666666667,127.0,138.0,139.83333333333334,142.0,4,0,0,0,2,1,0,1,0,1,2,0.0,0.0,0.0,5.0,1.0,0.0,-1.0,-22.0,-1.0,-2.0,0.0,-0.2,-4.4,-0.2,-0.3333333333333333,0
147.0,151.0,148.83333333333334,151.5,157.83333333333334,161.0,5,1,1,1,1,1,1,2,3,1,0,6.0,3.0,2.0,6.0,7.0,-5.0,-2.0,4.0,-6.0,-7.0,-1.0,-0.4,0.8,-1.2,-1.1666666666666667,0
115.83333333333333,58.0,48.166666666666664,108.66666666666667,157.16666666666666,163.0,5,0,0,0,0,1,0,1,1,0,0,0.0,0.0,0.0,0.0,5.0,50.0,33.0,-21.0,-75.0,9.0,10.0,6.6,-4.2,-15.0,1.5,0
225.83333333333334,223.16666666666666,167.66666666666666,116.33333333333333,137.0,242.0,2,1,0,0,0,0,1,0,0,1,0,25.0,0.0,0.0,0.0,68.0,-18.0,38.0,43.0,2.0,-28.0,-3.6,7.6,8.6,0.4,-4.666666666666667,1
196.33333333333334,178.0,139.83333333333334,136.0,77.5,209.0,2,1,1,1,1,0,1,1,3,0,0,24.0,0.0,13.0,7.0,0.0,-4.0,67.0,-1.0,11.0,53.0,-0.8,13.4,-0.2,2.2,8.833333333333334,1
182.83333333333334,217.5,267.3333333333333,321.6666666666667,347.0,347.0,5,1,0,0,0,1,1,0,0,0,1,4.0,0.0,0.0,0.0,4.0,-10.0,-38.0,-49.0,-38.0,-8.0,-2.0,-7.6,-9.8,-7.6,-1.3333333333333333,1
167.5,139.5,156.33333333333334,163.5,145.66666666666666,195.0,1,0,1,1,2,1,1,0,2,0,1,0.0,34.0,4.0,11.0,1.0,62.0,-30.0,1.0,-2.0,4.0,12.4,-6.0,0.2,-0.4,0.6666666666666666,1
101.5,113.33333333333333,124.83333333333333,135.66666666666666,159.16666666666666,164.0,5,2,0,1,0,1,0,1,0,1,0,16.0,0.0,11.0,0.0,8.0,-16.0,-10.0,-9.0,-22.0,3.0,-3.2,-2.0,-1.8,-4.4,0.5,0
100.0,120.33333333333333,130.83333333333334,155.33333333333334,176.16666666666666,181.0,5,0,1,1,0,1,1,1,2,0,0,0.0,15.0,3.0,0.0,8.0,-9.0,-15.0,-17.0,-25.0,-4.0,-1.8,-3.0,-3.4,-5.0,-0.6666666666666666,0
168.66666666666666,153.16666666666666,120.5,118.66666666666667,116.83333333333333,171.0,1,3,1,2,2,1,2,2,4,2,0,5.0,0.0,1.0,1.0,0.0,4.0,46.0,1.0,1.0,6.0,0.8,9.2,0.2,0.2,1.0,0
224.33333333333334,197.66666666666666,195.33333333333334,203.66666666666666,201.33333333333334,227.0,1,2,1,1,2,1,0,1,1,3,0,6.0,2.0,24.0,9.0,1.0,-4.0,29.0,-22.0,-7.0,11.0,-0.8,5.8,-4.4,-1.4,1.8333333333333333,0
145.5,145.16666666666666,152.5,100.66666666666667,135.66666666666666,191.0,1,0,0,1,0,0,1,0,0,2,0,0.0,0.0,5.0,0.0,45.0,77.0,-39.0,55.0,-14.0,-23.0,15.4,-7.8,11.0,-2.8,-3.8333333333333335,0
164.66666666666666,157.0,108.33333333333333,100.33333333333333,124.66666666666667,182.0,1,0,1,1,0,0,1,0,1,1,0,0.0,13.0,15.0,0.0,0.0,29.0,32.0,-10.0,13.0,-22.0,5.8,6.4,-2.0,2.6,-3.6666666666666665,1
190.66666666666666,216.83333333333334,202.33333333333334,223.5,235.0,236.0,5,0,1,0,2,1,1,0,2,1,1,0.0,12.0,0.0,22.0,0.0,-19.0,-9.0,14.0,-20.0,2.0,-3.8,-1.8,2.8,-4.0,0.3333333333333333,0
68.0,65.83333333333333,93.5,148.33333333333334,131.0,166.0,4,2,0,0,1,0,2,1,0,0,1,3.0,0.0,0.0,45.0,0.0,35.0,-11.0,-36.0,-41.0,6.0,7.0,-2.2,-7.2,-8.2,1.0,0
76.33333333333333,63.666666666666664,86.83333333333333,140.0,134.83333333333334,166.0,4,1,1,0,1,0,2,1,0,0,1,2.0,2.0,0.0,54.0,0.0,49.0,-11.0,-32.0,-54.0,35.0,9.8,-2.2,-6.4,-10.8,5.833333333333333,1
137.83333333333334,138.66666666666666,130.66666666666666,127.0,129.66666666666666,144.0,1,2,0,2,0,2,1,0,2,1,1,21.0,0.0,0.0,0.0,1.0,-21.0,7.0,4.0,-1.0,2.0,-4.2,1.4,0.8,-0.2,0.3333333333333333,0
133.66666666666666,164.16666666666666,199.0,257.0,267.8333333333333,277.0,5,0,0,1,0,1,1,0,1,0,0,0.0,0.0,5.0,0.0,3.0,-13.0,-36.0,-33.0,-35.0,14.0,-2.6,-7.2,-6.6,-7.0,2.3333333333333335,0
264.3333333333333,269.8333333333333,296.0,324.1666666666667,329.0,335.0,4,0,0,0,1,0,1,0,0,1,0,0.0,0.0,0.0,22.0,0.0,15.0,-14.0,-30.0,-16.0,0.0,3.0,-2.8,-6.0,-3.2,0.0,1
122.5,110.83333333333333,102.0,64.33333333333333,72.16666666666667,127.0,1,3,0,1,1,0,1,2,0,2,0,7.0,0.0,8.0,3.0,0.0,-7.0,20.0,11.0,11.0,-23.0,-1.4,4.0,2.2,2.2,-3.8333333333333335,1
173.83333333333334,177.83333333333334,170.66666666666666,140.66666666666666,105.16666666666667,184.0,2,1,1,0,0,0,0,1,0,0,0,16.0,10.0,0.0,0.0,0.0,-16.0,-5.0,21.0,21.0,44.0,-3.2,-1.0,4.2,4.2,7.333333333333333,1
143.0,169.33333333333334,191.0,207.0,237.0,206.0,4,0,1,1,1,0,1,0,1,1,0,0.0,29.0,26.0,0.0,0.0,-3.0,-27.0,-21.0,-9.0,-23.0,-0.6,-5.4,-4.2,-1.8,-3.8333333333333335,0
214.66666666666666,211.66666666666666,210.5,189.0,155.5,222.0,3,1,2,0,1,0,1,1,2,0,0,6.0,14.0,0.0,4.0,0.0,-3.0,2.0,31.0,11.0,37.0,-0.6,0.4,6.2,2.2,6.166666666666667,0
120.5,107.33333333333333,85.5,109.66666666666667,148.0,126.0,1,2,0,1,0,0,2,1,1,0,0,9.0,0.0,2.0,0.0,0.0,-9.0,42.0,-15.0,-25.0,-27.0,-1.8,8.4,-3.0,-5.0,-4.5,0
188.66666666666666,238.16666666666666,201.5,135.66666666666666,129.83333333333334,245.0,2,0,1,1,1,0,0,0,1,2,1,0.0,21.0,0.0,0.0,0.0,-40.0,-15.0,43.0,26.0,-9.0,-8.0,-3.0,8.6,5.2,-1.5,1
183.33333333333334,153.5,142.66666666666666,120.33333333333333,88.5,190.0,1,2,0,1,0,1,0,0,1,0,1,2.0,0.0,38.0,0.0,2.0,19.0,16.0,-12.0,39.0,9.0,3.8,3.2,-2.4,7.8,1.5,1
216.66666666666666,265.8333333333333,294.5,337.0,369.6666666666667,378.0,5,0,1,0,1,1,0,2,0,1,0,0.0,19.0,0.0,20.0,33.0,-40.0,-8.0,-32.0,-16.0,-29.0,-8.0,-1.6,-6.4,-3.2,-4.833333333333333,1
173.16666666666666,131.83333333333334,112.0,137.0,142.0,182.0,1,1,1,1,1,0,0,1,2,1,0,14.0,12.0,7.0,24.0,0.0,8.0,16.0,26.0,-19.0,0.0,1.6,3.2,5.2,-3.8,0.0,1
186.5,217.33333333333334,174.33333333333334,104.66666666666667,118.16666666666667,224.0,2,0,1,0,0,1,1,0,0,1,1,0.0,16.0,0.0,72.0,11.0,-4.0,-10.0,74.0,6.0,-10.0,-0.8,-2.0,14.8,1.2,-1.6666666666666667,1
226.0,269.3333333333333,307.0,323.6666666666667,323.6666666666667,335.0,5,0,0,0,1,0,0,0,0,0,0,0.0,0.0,0.0,18.0,0.0,-38.0,-23.0,-24.0,-16.0,27.0,-7.6,-4.6,-4.8,-3.2,4.5,0
194.0,186.66666666666666,242.83333333333334,218.83333333333334,173.16666666666666,249.0,3,1,0,1,0,0,0,1,0,0,0,5.0,0.0,18.0,0.0,0.0,11.0,-30.0,-11.0,35.0,44.0,2.2,-6.0,-2.2,7.0,7.333333333333333,0
225.0,230.0,251.5,259.5,233.83333333333334,263.0,4,2,0,2,2,0,1,1,2,2,0,21.0,0.0,12.0,4.0,0.0,-21.0,-7.0,-13.0,8.0,-15.0,-4.2,-1.4,-2.6,1.6,-2.5,1
195.0,203.16666666666666,187.66666666666666,192.5,238.33333333333334,249.0,5,0,2,1,0,1,1,1,2,0,0,0.0,14.0,3.0,0.0,34.0,9.0,-14.0,23.0,-29.0,-34.0,1.8,-2.8,4.6,-5.8,-5.666666666666667,0
167.0,191.5,139.33333333333334,126.16666666666667,123.66666666666667,202.0,2,1,1,1,1,1,0,0,1,2,0,64.0,0.0,3.0,0.0,6.0,-57.0,32.0,27.0,15.0,-5.0,-11.4,6.4,5.4,3.0,-0.8333333333333334,1
167.83333333333334,157.33333333333334,210.5,210.16666666666666,194.0,218.0,3,1,0,1,1,1,0,1,1,1,0,0.0,0.0,27.0,2.0,1.0,16.0,-23.0,-25.0,16.0,11.0,3.2,-4.6,-5.0,3.2,1.8333333333333333,0
56.166666666666664,87.16666666666667,138.0,136.0,121.66666666666667,165.0,3,0,0,1,1,1,1,0,0,2,0,0.0,0.0,55.0,2.0,6.0,-11.0,-33.0,-55.0,42.0,7.0,-2.2,-6.6,-11.0,8.4,1.1666666666666667,1
137.0,142.0,142.0,142.0,142.0,147.0,1,1,0,0,0,0,1,0,0,0,0,24.0,0.0,0.0,0.0,0.0,-19.0,0.0,0.0,0.0,0.0,-3.8,0.0,0.0,0.0,0.0,0
130.83333333333334,128.33333333333334,130.5,134.83333333333334,143.5,145.0,5,1,1,2,0,2,1,2,2,0,0,12.0,1.0,1.0,0.0,5.0,-5.0,-1.0,0.0,-7.0,-3.0,-1.0,-0.2,0.0,-1.4,-0.5,0
74.83333333333333,95.5,146.5,211.5,290.5,75.0,1,1,0,0,0,0,2,0,0,0,0,0.0,0.0,0.0,0.0,0.0,-3.0,-30.0,-49.0,-56.0,-55.0,-0.6,-6.0,-9.8,-11.2,-9.166666666666666,0
208.83333333333334,232.66666666666666,230.33333333333334,186.83333333333334,113.83333333333333,244.0,2,1,2,0,0,0,1,0,0,0,0,5.0,32.0,0.0,0.0,0.0,-3.0,-32.0,22.0,47.0,64.0,-0.6,-6.4,4.4,9.4,10.666666666666666,1
182.5,187.83333333333334,184.66666666666666,166.83333333333334,125.16666666666667,189.0,1,1,2,1,0,0,1,1,1,0,0,15.0,0.0,0.0,0.0,0.0,-15.0,1.0,3.0,32.0,39.0,-3.0,0.2,0.6,6.4,6.5,1
277.8333333333333,269.3333333333333,280.1666666666667,322.8333333333333,307.0,332.0,4,2,1,0,1,0,0,1,1,1,0,5.0,15.0,0.0,19.0,0.0,-1.0,-4.0,-19.0,6.0,0.0,-0.2,-0.8,-3.8,1.2,0.0,1
99.5,119.33333333333333,127.33333333333333,159.66666666666666,188.16666666666666,127.0,2,0,1,0,0,0,1,1,0,0,0,0.0,12.0,0.0,0.0,0.0,3.0,7.0,-28.0,-26.0,-18.0,0.6,1.4,-5.6,-5.2,-3.0,0
288.8333333333333,247.66666666666666,181.0,144.16666666666666,133.0,296.0,1,1,0,0,1,0,0,0,0,1,0,6.0,0.0,0.0,15.0,0.0,11.0,44.0,70.0,-13.0,21.0,2.2,8.8,14.0,-2.6,3.5,1
169.0,99.66666666666667,73.5,57.166666666666664,49.5,197.0,1,0,0,2,0,0,0,1,0,1,1,0.0,0.0,13.0,139.0,0.0,58.0,58.0,-13.0,29.0,-15.0,11.6,11.6,-2.6,5.8,-2.5,0
77.16666666666667,77.33333333333333,87.16666666666667,95.0,113.66666666666667,118.0,5,0,2,1,0,1,2,2,1,0,0,0.0,11.0,5.0,0.0,11.0,45.0,-11.0,-6.0,-14.0,-8.0,9.0,-2.2,-1.2,-2.8,-1.3333333333333333,0
208.16666666666666,217.5,211.66666666666666,160.33333333333334,142.66666666666666,228.0,3,1,2,1,0,0,1,1,1,0,1,22.0,13.0,0.0,0.0,0.0,-22.0,-6.0,40.0,30.0,3.0,-4.4,-1.2,8.0,6.0,0.5,1
160.0,202.83333333333334,202.5,209.66666666666666,289.3333333333333,299.0,5,0,2,1,1,1,0,2,1,1,0,0.0,2.0,1.0,4.0,29.0,-46.0,3.0,-4.0,-21.0,-29.0,-9.2,0.6,-0.8,-4.2,-4.833333333333333,1
137.0,125.33333333333333,94.5,84.66666666666667,100.16666666666667,141.0,1,1,1,1,0,1,1,1,1,2,0,0.0,0.0,0.0,0.0,14.0,6.0,27.0,7.0,4.0,-9.0,1.2,5.4,1.4,0.8,-1.5,0
167.83333333333334,204.5,198.0,194.66666666666666,166.0,206.0,2,0,2,1,2,0,0,2,1,0,0,0.0,3.0,2.0,4.0,0.0,-50.0,0.0,12.0,-2.0,33.0,-10.0,0.0,2.4,-0.4,5.5,1
154.33333333333334,137.5,173.5,186.66666666666666,166.16666666666666,191.0,4,1,0,1,3,0,1,1,1,2,0,2.0,0.0,38.0,10.0,0.0,19.0,-1.0,-38.0,2.0,53.0,3.8,-0.2,-7.6,0.4,8.833333333333334,0
231.5,251.33333333333334,207.66666666666666,152.66666666666666,146.5,259.0,2,0,1,0,1,0,2,0,0,2,2,0.0,10.0,0.0,1.0,0.0,-10.0,7.0,50.0,29.0,-10.0,-2.0,1.4,10.0,5.8,-1.6666666666666667,1
91.16666666666667,91.83333333333333,85.16666666666667,83.0,72.33333333333333,96.0,2,1,1,1,1,1,2,0,3,0,2,7.0,0.0,1.0,1.0,0.0,-1.0,9.0,2.0,10.0,3.0,-0.2,1.8,0.4,2.0,0.5,0
223.83333333333334,266.8333333333333,264.6666666666667,233.16666666666666,198.0,281.0,3,1,1,1,1,1,1,1,0,2,0,15.0,19.0,1.0,1.0,3.0,-34.0,-25.0,34.0,13.0,69.0,-6.8,-5.0,6.8,2.6,11.5,0
275.6666666666667,248.33333333333334,188.33333333333334,130.16666666666666,143.33333333333334,280.0,1,1,0,0,1,1,0,0,0,1,1,0.0,0.0,0.0,24.0,0.0,13.0,23.0,85.0,-13.0,5.0,2.6,4.6,17.0,-2.6,0.8333333333333334,1
148.66666666666666,102.66666666666667,83.66666666666667,105.16666666666667,124.83333333333333,156.0,1,1,2,0,0,0,0,1,2,0,0,1.0,5.0,0.0,0.0,0.0,21.0,23.0,16.0,-33.0,-10.0,4.2,4.6,3.2,-6.6,-1.6666666666666667,0
241.33333333333334,188.83333333333334,137.0,130.0,106.83333333333333,265.0,1,0,0,1,1,1,0,0,2,0,2,0.0,160.0,9.0,0.0,0.0,47.0,44.0,23.0,25.0,6.0,9.4,8.8,4.6,5.0,1.0,1
79.0,103.66666666666667,116.33333333333333,125.5,130.5,134.0,5,0,0,2,1,1,2,0,1,1,1,0.0,0.0,2.0,8.0,5.0,-6.0,-23.0,-1.0,-4.0,-2.0,-1.2,-4.6,-0.2,-0.8,-0.3333333333333333,1
212.16666666666666,240.0,218.83333333333334,166.16666666666666,95.16666666666667,244.0,2,0,2,0,0,0,1,0,0,0,2,0.0,11.0,0.0,0.0,123.0,-13.0,-5.0,34.0,53.0,31.0,-2.6,-1.0,6.8,10.6,5.166666666666667,1
247.83333333333334,286.0,247.5,172.16666666666666,93.66666666666667,296.0,2,1,1,0,0,0,1,0,0,0,0,32.0,30.0,0.0,0.0,0.0,-32.0,-25.0,70.0,63.0,73.0,-6.4,-5.0,14.0,12.6,12.166666666666666,1
169.5,149.0,144.0,135.33333333333334,137.33333333333334,173.0,1,2,1,1,1,1,1,2,1,2,2,1.0,3.0,0.0,2.0,2.0,12.0,15.0,7.0,5.0,-3.0,2.4,3.0,1.4,1.0,-0.5,0
56.833333333333336,84.66666666666667,138.5,178.0,221.16666666666666,218.0,5,1,0,1,1,1,1,0,1,0,2,5.0,0.0,37.0,65.0,3.0,-17.0,-32.0,-25.0,-59.0,-20.0,-3.4,-6.4,-5.0,-11.8,-3.3333333333333335,0
197.33333333333334,147.5,167.83333333333334,130.5,123.0,214.0,1,0,0,1,0,1,0,2,0,1,0,0.0,0.0,10.0,0.0,14.0,38.0,0.0,6.0,44.0,-5.0,7.6,0.0,1.2,8.8,-0.8333333333333334,0
112.5,163.5,208.0,138.83333333333334,97.16666666666667,215.0,3,0,0,1,0,0,0,0,0,0,1,0.0,0.0,13.0,0.0,0.0,-46.0,-40.0,5.0,81.0,-3.0,-9.2,-8.0,1.0,16.2,-0.5,1
159.5,201.33333333333334,208.5,163.0,137.66666666666666,220.0,2,0,2,0,0,2,0,0,0,1,0,0.0,39.0,0.0,0.0,2.0,-32.0,-39.0,29.0,42.0,8.0,-6.4,-7.8,5.8,8.4,1.3333333333333333,0
109.0,113.83333333333333,134.0,163.0,178.0,180.0,5,2,1,1,0,2,1,1,1,0,0,5.0,0.0,3.0,0.0,5.0,-5.0,-13.0,-8.0,-30.0,-2.0,-1.0,-2.6,-1.6,-6.0,-0.3333333333333333,0
302.3333333333333,340.6666666666667,374.0,335.3333333333333,196.16666666666666,378.0,3,0,1,2,0,0,0,1,1,0,0,0.0,4.0,2.0,0.0,0.0,-38.0,-6.0,-1.0,88.0,140.0,-7.6,-1.2,-0.2,17.6,23.333333333333332,1
107.0,105.33333333333333,105.33333333333333,104.83333333333333,96.5,109.0,1,1,1,1,1,0,2,1,1,1,1,1.0,0.0,7.0,0.0,0.0,3.0,5.0,-7.0,9.0,-7.0,0.6,1.0,-1.4,1.8,-1.1666666666666667,0
236.16666666666666,230.83333333333334,169.83333333333334,116.16666666666667,124.83333333333333,251.0,1,1,0,0,1,1,0,0,0,2,0,41.0,0.0,0.0,8.0,7.0,-32.0,24.0,69.0,0.0,-7.0,-6.4,4.8,13.8,0.0,-1.1666666666666667,1
208.83333333333334,200.33333333333334,149.83333333333334,81.33333333333333,81.83333333333333,214.0,1,0,1,0,1,0,1,1,0,2,1,0.0,10.0,0.0,1.0,128.0,14.0,-6.0,78.0,12.0,-7.0,2.8,-1.2,15.6,2.4,-1.1666666666666667,1
107.0,117.66666666666667,169.5,209.66666666666666,206.0,215.0,4,0,0,0,1,0,1,0,0,1,0,0.0,0.0,0.0,10.0,0.0,37.0,-41.0,-45.0,-1.0,0.0,7.4,-8.2,-9.0,-0.2,0.0,1
257.5,232.5,198.66666666666666,147.33333333333334,87.16666666666667,261.0,1,2,0,0,0,0,0,0,0,0,1,7.0,0.0,0.0,0.0,0.0,0.0,33.0,31.0,57.0,-24.0,0.0,6.6,6.2,11.4,-4.0,1
120.0,151.5,195.5,207.66666666666666,195.83333333333334,211.0,4,0,0,2,2,0,1,0,1,1,1,0.0,0.0,12.0,7.0,0.0,6.0,-51.0,-13.0,-7.0,15.0,1.2,-10.2,-2.6,-1.4,2.5,1
283.8333333333333,294.1666666666667,316.5,328.5,303.5,340.0,4,0,1,2,0,0,1,1,1,0,0,0.0,10.0,32.0,0.0,0.0,4.0,7.0,-15.0,21.0,22.0,0.8,1.4,-3.0,4.2,3.6666666666666665,0
54.0,75.83333333333333,117.16666666666667,168.83333333333334,168.33333333333334,184.0,4,1,0,0,2,1,1,0,0,1,1,9.0,0.0,0.0,5.0,13.0,-12.0,-20.0,-55.0,-4.0,-13.0,-2.4,-4.0,-11.0,-0.8,-2.1666666666666665,1
127.0,154.16666666666666,157.33333333333334,130.83333333333334,109.83333333333333,167.0,3,0,1,0,1,0,1,0,0,1,1,0.0,25.0,0.0,0.0,11.0,-13.0,-22.0,25.0,20.0,1.0,-2.6,-4.4,5.0,4.0,0.16666666666666666,1
225.0,190.33333333333334,195.16666666666666,153.0,120.83333333333333,244.0,1,0,0,1,0,0,0,2,0,0,0,0.0,0.0,8.0,133.0,0.0,39.0,8.0,10.0,33.0,25.0,7.8,1.6,2.0,6.6,4.166666666666667,1
161.0,227.0,269.0,243.66666666666666,184.16666666666666,277.0,3,1,1,1,0,0,1,1,0,0,0,8.0,72.0,14.0,0.0,0.0,-39.0,-72.0,-12.0,49.0,40.0,-7.8,-14.4,-2.4,9.8,6.666666666666667,1
205.0,201.33333333333334,206.83333333333334,236.66666666666666,243.83333333333334,248.0,4,2,1,1,1,0,1,1,2,0,1,15.0,5.0,17.0,32.0,0.0,-14.0,20.0,-16.0,-31.0,-19.0,-2.8,4.0,-3.2,-6.2,-3.1666666666666665,1
140.5,147.66666666666666,112.66666666666667,116.83333333333333,62.333333333333336,169.0,1,1,0,0,1,0,0,0,1,0,2,63.0,0.0,0.0,5.0,0.0,-63.0,35.0,-5.0,46.0,9.0,-12.6,7.0,-1.0,9.2,1.5,1
157.33333333333334,199.66666666666666,214.0,218.33333333333334,231.0,232.0,5,0,1,2,1,0,0,0,1,1,1,0.0,41.0,3.0,25.0,0.0,-20.0,-40.0,3.0,-14.0,-3.0,-4.0,-8.0,0.6,-2.8,-0.5,1
213.5,189.83333333333334,152.83333333333334,144.5,105.5,216.0,1,1,1,1,0,0,1,1,1,0,1,5.0,0.0,20.0,105.0,0.0,-2.0,34.0,-7.0,42.0,9.0,-0.4,6.8,-1.4,8.4,1.5,1
125.83333333333333,133.5,144.33333333333334,148.5,183.83333333333334,182.0,5,1,1,1,0,1,2,1,0,1,1,3.0,17.0,7.0,0.0,4.0,7.0,-17.0,2.0,-35.0,-14.0,1.4,-3.4,0.4,-7.0,-2.3333333333333335,0
133.83333333333334,156.5,182.66666666666666,217.16666666666666,229.5,241.0,5,0,0,1,0,1,1,0,1,0,0,0.0,0.0,1.0,0.0,2.0,8.0,-35.0,-14.0,-36.0,31.0,1.6,-7.0,-2.8,-7.2,5.166666666666667,0
126.0,140.33333333333334,205.5,246.5,195.0,263.0,4,1,0,0,1,0,1,0,0,0,0,17.0,0.0,0.0,4.0,0.0,-14.0,-39.0,-71.0,37.0,44.0,-2.8,-7.8,-14.2,7.4,7.333333333333333,1
342.5,318.5,272.8333333333333,166.5,101.83333333333333,348.0,1,1,0,1,0,1,1,1,0,0,2,1.0,0.0,2.0,234.0,4.0,16.0,39.0,66.0,106.0,-16.0,3.2,7.8,13.2,21.2,-2.6666666666666665,1
211.83333333333334,181.0,148.5,143.33333333333334,169.5,217.0,1,2,0,3,0,1,1,1,1,1,1,3.0,0.0,6.0,0.0,7.0,2.0,64.0,-6.0,-6.0,-10.0,0.4,12.8,-1.2,-1.2,-1.6666666666666667,0
231.33333333333334,193.16666666666666,128.83333333333334,119.33333333333333,127.16666666666667,240.0,1,1,0,0,2,1,0,0,1,0,2,0.0,0.0,0.0,31.0,1.0,22.0,44.0,59.0,-31.0,2.0,4.4,8.8,11.8,-6.2,0.3333333333333333,1
147.0,141.5,131.83333333333334,126.66666666666667,119.83333333333333,151.0,1,1,1,0,3,1,2,0,2,2,0,1.0,1.0,0.0,1.0,0.0,7.0,7.0,9.0,2.0,17.0,1.4,1.4,1.8,0.4,2.8333333333333335,0
192.0,262.3333333333333,181.5,149.83333333333334,140.66666666666666,273.0,2,0,1,0,2,0,0,0,1,2,2,0.0,13.0,0.0,1.0,0.0,-91.0,15.0,81.0,6.0,6.0,-18.2,3.0,16.2,1.2,1.0,1
160.83333333333334,155.83333333333334,152.33333333333334,158.16666666666666,174.83333333333334,163.0,1,1,1,0,1,0,0,1,2,1,0,5.0,0.0,0.0,1.0,0.0,-2.0,7.0,-3.0,-5.0,-25.0,-0.4,1.4,-0.6,-1.0,-4.166666666666667,0
271.8333333333333,247.5,228.0,224.83333333333334,186.0,277.0,1,1,1,2,2,0,0,1,2,1,0,3.0,0.0,2.0,4.0,0.0,11.0,29.0,7.0,6.0,73.0,2.2,5.8,1.4,1.2,12.166666666666666,0
105.66666666666667,136.5,160.83333333333334,187.16666666666666,206.16666666666666,209.0,5,1,0,0,0,1,0,1,0,0,1,43.0,0.0,0.0,0.0,7.0,-39.0,-14.0,-28.0,-13.0,-4.0,-7.8,-2.8,-5.6,-2.6,-0.6666666666666666,0
108.66666666666667,127.16666666666667,160.0,208.16666666666666,221.0,221.0,4,2,0,0,1,0,1,1,0,0,0,23.0,0.0,0.0,25.0,0.0,-22.0,-16.0,-40.0,-25.0,0.0,-4.4,-3.2,-8.0,-5.0,0.0,1
196.5,151.66666666666666,100.83333333333333,100.5,162.83333333333334,203.0,1,1,0,1,0,0,0,0,1,1,0,7.0,0.0,0.0,0.0,0.0,10.0,50.0,31.0,-34.0,-57.0,2.0,10.0,6.2,-6.8,-9.5,0
162.16666666666666,163.0,186.5,201.0,176.33333333333334,203.0,4,3,1,1,1,1,3,1,1,0,2,2.0,34.0,33.0,0.0,3.0,1.0,-17.0,-25.0,9.0,11.0,0.2,-3.4,-5.0,1.8,1.8333333333333333,0
131.16666666666666,76.83333333333333,82.5,94.0,71.33333333333333,161.0,1,0,0,0,2,1,0,1,0,1,2,0.0,0.0,0.0,4.0,1.0,61.0,24.0,-27.0,19.0,1.0,12.2,4.8,-5.4,3.8,0.16666666666666666,0
144.5,131.33333333333334,135.16666666666666,131.0,145.33333333333334,170.0,1,0,1,3,0,0,2,1,1,1,0,0.0,6.0,2.0,0.0,19.0,42.0,-6.0,-1.0,0.0,-12.0,8.4,-1.2,-0.2,0.0,-2.0,0
300.6666666666667,306.1666666666667,297.0,277.8333333333333,267.5,318.0,2,1,1,1,0,1,0,2,2,0,1,25.0,3.0,2.0,0.0,12.0,-19.0,20.0,4.0,23.0,-1.0,-3.8,4.0,0.8,4.6,-0.16666666666666666,1
105.0,103.5,142.33333333333334,154.66666666666666,187.16666666666666,166.0,4,2,0,1,0,0,0,1,0,1,0,5.0,0.0,44.0,0.0,0.0,-3.0,-12.0,-41.0,13.0,-39.0,-0.6,-2.4,-8.2,2.6,-6.5,1
194.5,216.0,216.5,211.66666666666666,218.16666666666666,226.0,2,0,1,1,1,1,1,0,1,0,1,0.0,20.0,0.0,28.0,1.0,-13.0,-20.0,27.0,-26.0,14.0,-2.6,-4.0,5.4,-5.2,2.3333333333333335,0
115.66666666666667,123.83333333333333,158.0,164.5,177.83333333333334,186.0,5,2,1,1,0,1,1,2,1,0,0,23.0,0.0,19.0,0.0,12.0,-21.0,-8.0,-5.0,-16.0,1.0,-4.2,-1.6,-1.0,-3.2,0.16666666666666666,0
157.33333333333334,199.66666666666666,214.0,218.33333333333334,231.0,232.0,5,0,1,2,1,0,0,0,1,1,1,0.0,41.0,3.0,25.0,0.0,-20.0,-40.0,3.0,-14.0,-3.0,-4.0,-8.0,0.6,-2.8,-0.5,1
400.0,352.0,296.8333333333333,205.33333333333334,161.16666666666666,400.0,1,1,1,0,1,1,0,1,0,1,2,0.0,0.0,0.0,17.0,0.0,0.0,30.0,112.0,15.0,7.0,0.0,6.0,22.4,3.0,1.1666666666666667,1
266.3333333333333,247.66666666666666,202.66666666666666,133.33333333333334,140.33333333333334,274.0,1,1,0,0,1,0,0,0,0,1,1,12.0,0.0,0.0,19.0,0.0,5.0,11.0,61.0,39.0,-13.0,1.0,2.2,12.2,7.8,-2.1666666666666665,1
162.5,187.33333333333334,213.83333333333334,228.83333333333334,219.16666666666666,236.0,4,1,1,1,1,2,2,0,1,1,0,6.0,47.0,0.0,14.0,1.0,-3.0,-47.0,1.0,-1.0,5.0,-0.6,-9.4,0.2,-0.2,0.8333333333333334,0
214.0,215.16666666666666,181.66666666666666,116.5,101.66666666666667,232.0,1,1,0,0,0,2,0,0,0,1,0,39.0,0.0,0.0,0.0,3.0,-39.0,27.0,42.0,45.0,0.0,-7.8,5.4,8.4,9.0,0.0,0
340.6666666666667,374.0,335.3333333333333,196.16666666666666,102.33333333333333,378.0,2,1,2,0,0,0,1,1,0,0,2,4.0,2.0,0.0,0.0,0.0,-6.0,-1.0,88.0,140.0,14.0,-1.2,-0.2,17.6,28.0,2.3333333333333335,1
228.16666666666666,257.8333333333333,278.8333333333333,323.3333333333333,302.8333333333333,337.0,4,1,1,0,1,1,1,1,0,1,0,14.0,27.0,0.0,28.0,14.0,-6.0,-19.0,-32.0,-17.0,2.0,-1.2,-3.8,-6.4,-3.4,0.3333333333333333,1
211.33333333333334,173.0,147.83333333333334,80.33333333333333,84.16666666666667,253.0,1,1,0,1,0,0,2,0,0,1,0,6.0,0.0,0.0,0.0,159.0,76.0,0.0,58.0,32.0,-13.0,15.2,0.0,11.6,6.4,-2.1666666666666665,0
167.33333333333334,182.33333333333334,139.83333333333334,89.16666666666667,123.33333333333333,185.0,2,0,3,0,0,0,0,1,0,1,0,0.0,3.0,0.0,0.0,0.0,-27.0,-3.0,58.0,0.0,-37.0,-5.4,-0.6,11.6,0.0,-6.166666666666667,0
141.33333333333334,159.33333333333334,243.16666666666666,298.0,306.8333333333333,313.0,5,0,0,0,1,2,1,0,0,1,1,0.0,0.0,0.0,19.0,5.0,45.0,-68.0,-71.0,-18.0,9.0,9.0,-13.6,-14.2,-3.6,1.5,1
175.66666666666666,159.16666666666666,129.0,94.0,82.0,194.0,1,2,0,2,1,0,1,1,0,1,1,28.0,0.0,2.0,1.0,0.0,-28.0,53.0,41.0,11.0,-1.0,-5.6,10.6,8.2,2.2,-0.16666666666666666,0
118.16666666666667,127.66666666666667,123.16666666666667,135.33333333333334,174.66666666666666,131.0,2,1,2,1,0,0,1,1,3,0,0,13.0,0.0,6.0,0.0,0.0,-13.0,1.0,-3.0,-25.0,-40.0,-2.6,0.2,-0.6,-5.0,-6.666666666666667,0
69.83333333333333,70.0,74.5,92.33333333333333,125.66666666666667,129.0,5,1,2,1,1,1,2,1,2,1,1,0.0,3.0,1.0,6.0,12.0,5.0,-2.0,-9.0,-19.0,-13.0,1.0,-0.4,-1.8,-3.8,-2.1666666666666665,0
232.83333333333334,269.5,306.1666666666667,322.8333333333333,356.6666666666667,362.0,5,0,1,1,2,1,1,1,1,1,1,0.0,5.0,20.0,43.0,10.0,-25.0,-30.0,-12.0,-26.0,-9.0,-5.0,-6.0,-2.4,-5.2,-1.5,0
258.6666666666667,216.5,135.5,142.33333333333334,138.33333333333334,272.0,1,0,0,0,2,1,0,0,1,1,0,0.0,0.0,0.0,10.0,0.0,27.0,57.0,36.0,-6.0,7.0,5.4,11.4,7.2,-1.2,1.1666666666666667,1
271.8333333333333,258.6666666666667,246.16666666666666,211.5,204.5,281.0,1,1,0,2,1,1,1,1,1,2,0,12.0,0.0,17.0,7.0,6.0,-12.0,39.0,-17.0,44.0,10.0,-2.4,7.8,-3.4,8.8,1.6666666666666667,0
256.3333333333333,230.83333333333334,170.0,101.66666666666667,92.0,260.0,1,1,0,0,2,1,0,0,0,2,2,4.0,0.0,0.0,1.0,0.0,4.0,33.0,76.0,14.0,5.0,0.8,6.6,15.2,2.8,0.8333333333333334,1
308.6666666666667,270.1666666666667,234.0,160.83333333333334,128.16666666666666,329.0,1,0,2,0,1,0,1,1,0,1,0,0.0,7.0,0.0,1.0,212.0,53.0,-3.0,67.0,50.0,24.0,10.6,-0.6,13.4,10.0,4.0,1
169.83333333333334,160.66666666666666,156.83333333333334,118.0,66.83333333333333,173.0,1,1,0,2,0,0,0,2,1,0,2,5.0,0.0,5.0,0.0,0.0,1.0,10.0,0.0,75.0,-4.0,0.2,2.0,0.0,15.0,-0.6666666666666666,0
120.16666666666667,131.16666666666666,119.83333333333333,119.33333333333333,133.5,136.0,5,2,1,2,1,1,1,1,1,2,1,20.0,0.0,3.0,11.0,19.0,-19.0,6.0,10.0,-5.0,-31.0,-3.8,1.2,2.0,-1.0,-5.166666666666667,0
266.8333333333333,279.3333333333333,246.16666666666666,198.83333333333334,188.5,294.0,2,1,0,0,1,1,1,0,0,1,0,48.0,0.0,0.0,6.0,0.0,-42.0,21.0,54.0,23.0,10.0,-8.4,4.2,10.8,4.6,1.6666666666666667,0
237.33333333333334,170.5,174.0,188.16666666666666,184.16666666666666,245.0,1,1,1,0,1,1,0,2,0,1,0,1.0,5.0,0.0,2.0,6.0,25.0,41.0,-25.0,7.0,1.0,5.0,8.2,-5.0,1.4,0.16666666666666666,1
205.16666666666666,224.66666666666666,182.83333333333334,132.33333333333334,108.66666666666667,236.0,2,0,1,0,1,0,1,0,0,1,0,0.0,33.0,0.0,0.0,130.0,24.0,-24.0,54.0,29.0,29.0,4.8,-4.8,10.8,5.8,4.833333333333333,0
213.16666666666666,177.16666666666666,157.5,194.0,204.0,221.0,1,1,1,0,2,2,0,1,1,1,2,4.0,2.0,0.0,17.0,6.0,23.0,28.0,-20.0,-16.0,-3.0,4.6,5.6,-4.0,-3.2,-0.5,0
143.16666666666666,152.0,158.66666666666666,157.83333333333334,148.5,165.0,3,1,1,1,1,1,1,1,1,1,1,12.0,18.0,11.0,0.0,10.0,-10.0,-17.0,-8.0,10.0,3.0,-2.0,-3.4,-1.6,2.0,0.5,1
94.33333333333333,98.0,87.5,92.0,91.16666666666667,101.0,2,2,2,1,3,1,1,2,1,3,0,10.0,1.0,12.0,1.0,4.0,-8.0,4.0,6.0,1.0,4.0,-1.6,0.8,1.2,0.2,0.6666666666666666,0
84.33333333333333,101.66666666666667,116.83333333333333,132.66666666666666,146.83333333333334,123.0,3,0,1,1,0,0,2,1,1,0,0,0.0,16.0,14.0,0.0,0.0,1.0,-17.0,-14.0,-11.0,-14.0,0.2,-3.4,-2.8,-2.2,-2.3333333333333335,0
267.8333333333333,212.16666666666666,142.5,141.0,139.66666666666666,278.0,1,1,0,0,2,2,0,0,2,1,2,4.0,0.0,0.0,3.0,0.0,21.0,65.0,23.0,-3.0,3.0,4.2,13.0,4.6,-0.6,0.5,0
212.0,224.83333333333334,233.66666666666666,238.33333333333334,223.83333333333334,242.0,4,2,1,1,3,1,2,1,1,1,1,3.0,20.0,12.0,1.0,1.0,7.0,-16.0,-12.0,0.0,17.0,1.4,-3.2,-2.4,0.0,2.8333333333333335,1
114.66666666666667,117.16666666666667,115.83333333333333,127.0,131.33333333333334,130.0,5,2,2,0,2,0,2,1,2,1,1,3.0,2.0,0.0,8.0,0.0,-1.0,-2.0,-1.0,-7.0,-4.0,-0.2,-0.4,-0.2,-1.4,-0.6666666666666666,0
74.83333333333333,100.33333333333333,100.16666666666667,92.66666666666667,107.33333333333333,115.0,5,0,1,1,1,1,1,0,1,1,1,0.0,17.0,0.0,12.0,15.0,-11.0,-16.0,7.0,0.0,-12.0,-2.2,-3.2,1.4,0.0,-2.0,1
150.33333333333334,179.83333333333334,195.16666666666666,197.5,190.66666666666666,201.0,4,0,1,1,1,1,0,1,0,1,2,0.0,24.0,12.0,0.0,2.0,-13.0,-21.0,-11.0,7.0,-1.0,-2.6,-4.2,-2.2,1.4,-0.16666666666666666,0
121.66666666666667,136.83333333333334,126.66666666666667,132.0,110.33333333333333,141.0,2,2,1,1,2,0,1,1,1,1,0,36.0,5.0,20.0,18.0,0.0,-34.0,3.0,-2.0,1.0,55.0,-6.8,0.6,-0.4,0.2,9.166666666666666,0
107.16666666666667,128.5,162.5,185.83333333333334,190.5,195.0,5,1,0,0,1,1,2,0,0,1,0,3.0,0.0,0.0,7.0,6.0,31.0,-35.0,-29.0,-7.0,3.0,6.2,-7.0,-5.8,-1.4,0.5,0
359.6666666666667,361.8333333333333,355.6666666666667,367.8333333333333,371.5,384.0,5,1,1,1,1,0,1,0,2,0,1,11.0,13.0,27.0,27.0,0.0,10.0,-8.0,-8.0,-23.0,27.0,2.0,-1.6,-1.6,-4.6,4.5,0
176.83333333333334,166.33333333333334,156.16666666666666,119.0,99.16666666666667,188.0,1,0,1,1,0,1,1,1,0,0,1,0.0,0.0,1.0,93.0,2.0,18.0,9.0,16.0,34.0,5.0,3.6,1.8,3.2,6.8,0.8333333333333334,1
165.83333333333334,178.33333333333334,198.5,220.5,177.66666666666666,233.0,4,1,1,0,1,1,0,1,0,0,1,43.0,0.0,0.0,15.0,1.0,-32.0,27.0,-45.0,11.0,24.0,-6.4,5.4,-9.0,2.2,4.0,0
170.5,168.83333333333334,182.83333333333334,192.0,196.66666666666666,195.0,4,1,1,2,2,0,0,2,1,1,1,8.0,18.0,11.0,10.0,0.0,-7.0,-11.0,-5.0,-10.0,-6.0,-1.4,-2.2,-1.0,-2.0,-1.0,0
213.5,224.33333333333334,206.5,213.83333333333334,223.83333333333334,227.0,2,1,2,1,1,1,1,1,1,2,0,15.0,6.0,14.0,0.0,2.0,-15.0,-1.0,0.0,-6.0,5.0,-3.0,-0.2,0.0,-1.2,0.8333333333333334,0
143.66666666666666,152.16666666666666,126.83333333333333,113.0,124.0,156.0,2,2,1,0,1,0,1,1,0,2,0,23.0,1.0,0.0,2.0,0.0,-20.0,12.0,19.0,4.0,-18.0,-4.0,2.4,3.8,0.8,-3.0,0
212.0,254.0,280.3333333333333,309.3333333333333,322.8333333333333,326.0,5,0,0,0,0,2,1,0,0,0,1,0.0,0.0,0.0,0.0,3.0,-58.0,-18.0,-34.0,-12.0,-3.0,-11.6,-3.6,-6.8,-2.4,-0.5,0
181.83333333333334,205.5,176.83333333333334,109.0,64.83333333333333,214.0,2,0,1,1,0,0,0,1,0,0,2,0.0,4.0,0.0,0.0,0.0,-54.0,18.0,28.0,69.0,0.0,-10.8,3.6,5.6,13.8,0.0,1
199.0,211.16666666666666,250.83333333333334,278.8333333333333,293.5,289.0,4,1,1,0,1,0,1,1,0,1,0,22.0,4.0,0.0,25.0,0.0,-18.0,-26.0,-28.0,-23.0,-18.0,-3.6,-5.2,-5.6,-4.6,-3.0,1
120.66666666666667,128.66666666666666,157.66666666666666,155.16666666666666,150.33333333333334,164.0,3,1,0,2,2,1,1,1,1,2,2,15.0,0.0,21.0,0.0,3.0,-3.0,-5.0,-20.0,15.0,-12.0,-0.6,-1.0,-4.0,3.0,-2.0,0
206.66666666666666,182.83333333333334,203.33333333333334,203.5,217.16666666666666,221.0,5,1,1,1,1,2,0,2,1,0,1,7.0,4.0,26.0,21.0,5.0,12.0,4.0,0.0,-19.0,8.0,2.4,0.8,0.0,-3.8,1.3333333333333333,1
221.16666666666666,208.0,148.0,92.83333333333333,94.5,231.0,1,2,1,0,2,1,1,1,0,2,2,0.0,1.0,0.0,7.0,1.0,13.0,14.0,84.0,6.0,2.0,2.6,2.8,16.8,1.2,0.3333333333333333,1
256.5,292.8333333333333,275.6666666666667,241.83333333333334,160.16666666666666,305.0,2,0,1,1,0,1,0,1,0,0,1,0.0,27.0,0.0,0.0,1.0,-17.0,-11.0,21.0,39.0,11.0,-3.4,-2.2,4.2,7.8,1.8333333333333333,1
222.0,254.5,294.5,313.3333333333333,308.3333333333333,337.0,4,0,0,1,1,0,0,0,1,1,1,0.0,0.0,29.0,40.0,0.0,-27.0,-30.0,-27.0,-40.0,19.0,-5.4,-6.0,-5.4,-8.0,3.1666666666666665,1
162.66666666666666,116.66666666666667,112.16666666666667,101.66666666666667,129.66666666666666,181.0,1,0,0,1,0,1,0,1,0,2,0,0.0,0.0,3.0,49.0,25.0,40.0,18.0,6.0,1.0,-20.0,8.0,3.6,1.2,0.2,-3.3333333333333335,0
169.66666666666666,183.83333333333334,198.5,193.66666666666666,167.0,202.0,3,1,0,2,1,0,0,1,1,1,0,18.0,0.0,4.0,3.0,0.0,-17.0,-12.0,-4.0,7.0,22.0,-3.4,-2.4,-0.8,1.4,3.6666666666666665,1
151.0,127.83333333333333,148.16666666666666,147.83333333333334,77.83333333333333,181.0,1,0,0,1,0,0,1,1,0,0,1,0.0,0.0,32.0,99.0,0.0,55.0,-10.0,-28.0,60.0,6.0,11.0,-2.0,-5.6,12.0,1.0,0
139.66666666666666,113.5,107.83333333333333,127.0,125.0,142.0,1,1,0,1,0,1,1,0,1,0,0,5.0,0.0,43.0,0.0,0.0,4.0,28.0,-33.0,0.0,8.0,0.8,5.6,-6.6,0.0,1.3333333333333333,0
166.5,166.16666666666666,122.16666666666667,103.83333333333333,134.83333333333334,183.0,1,1,0,1,0,0,0,1,0,1,0,41.0,0.0,0.0,0.0,0.0,-41.0,32.0,34.0,-8.0,-38.0,-8.2,6.4,6.8,-1.6,-6.333333333333333,1
156.33333333333334,166.83333333333334,181.66666666666666,141.16666666666666,81.66666666666667,186.0,3,2,1,1,0,0,1,0,1,0,1,3.0,40.0,0.0,0.0,0.0,15.0,-37.0,10.0,39.0,35.0,3.0,-7.4,2.0,7.8,5.833333333333333,0
100.66666666666667,104.5,123.5,116.16666666666667,96.16666666666667,131.0,3,0,0,1,0,1,1,1,0,0,1,0.0,0.0,16.0,0.0,0.0,6.0,-14.0,-16.0,25.0,6.0,1.2,-2.8,-3.2,5.0,1.0,0
176.33333333333334,169.33333333333334,156.5,130.16666666666666,84.83333333333333,187.0,1,0,3,0,1,0,1,1,0,1,2,0.0,0.0,0.0,0.0,105.0,19.0,3.0,16.0,32.0,14.0,3.8,0.6,3.2,6.4,2.3333333333333335,0
202.0,122.83333333333333,82.5,102.66666666666667,156.83333333333334,236.0,1,0,0,1,1,1,0,0,1,2,0,0.0,0.0,16.0,26.0,44.0,67.0,64.0,-8.0,-23.0,-30.0,13.4,12.8,-1.6,-4.6,-5.0,0
158.33333333333334,165.5,180.33333333333334,225.0,230.0,233.0,4,1,1,0,2,0,0,2,0,1,1,15.0,0.0,0.0,21.0,0.0,-13.0,-1.0,-25.0,-21.0,-7.0,-2.6,-0.2,-5.0,-4.2,-1.1666666666666667,1
282.3333333333333,272.6666666666667,257.6666666666667,245.5,243.0,287.0,1,1,1,1,1,1,0,1,2,3,0,0.0,9.0,4.0,2.0,4.0,13.0,7.0,1.0,2.0,28.0,2.6,1.4,0.2,0.4,4.666666666666667,0
256.0,247.16666666666666,187.16666666666666,116.33333333333333,107.0,262.0,1,1,0,0,0,1,1,0,0,1,1,11.0,0.0,0.0,0.0,6.0,-10.0,34.0,56.0,35.0,-6.0,-2.0,6.8,11.2,7.0,-1.0,1
91.16666666666667,161.83333333333334,218.5,284.0,254.33333333333334,289.0,4,0,1,0,1,1,0,1,0,1,1,0.0,63.0,0.0,12.0,2.0,-42.0,-62.0,-77.0,-2.0,10.0,-8.4,-12.4,-15.4,-0.4,1.6666666666666667,1
97.0,119.0,121.5,115.16666666666667,127.16666666666667,124.0,2,0,2,1,1,0,0,0,1,3,0,0.0,15.0,2.0,1.0,0.0,-12.0,-15.0,4.0,1.0,-20.0,-2.4,-3.0,0.8,0.2,-3.3333333333333335,1
170.33333333333334,157.33333333333334,197.16666666666666,222.83333333333334,194.33333333333334,227.0,4,1,1,0,3,1,0,2,0,2,1,14.0,5.0,0.0,9.0,2.0,-14.0,0.0,-58.0,-1.0,58.0,-2.8,0.0,-11.6,-0.2,9.666666666666666,1
381.3333333333333,351.6666666666667,334.1666666666667,299.0,228.66666666666666,386.0,1,1,0,1,1,0,1,0,1,1,0,7.0,0.0,1.0,2.0,184.0,-1.0,21.0,16.0,27.0,83.0,-0.2,4.2,3.2,5.4,13.833333333333334,1
216.66666666666666,265.8333333333333,294.5,337.0,369.6666666666667,378.0,5,0,1,0,1,1,0,2,0,1,0,0.0,19.0,0.0,20.0,33.0,-40.0,-8.0,-32.0,-16.0,-29.0,-8.0,-1.6,-6.4,-3.2,-4.833333333333333,1
163.33333333333334,201.33333333333334,231.5,242.5,262.3333333333333,250.0,5,0,1,2,2,0,1,1,1,2,1,0.0,23.0,18.0,10.0,0.0,-8.0,-36.0,-15.0,-9.0,-33.0,-1.6,-7.2,-3.0,-1.8,-5.5,0
321.1666666666667,307.8333333333333,308.0,308.5,304.0,332.0,1,1,1,0,2,0,1,0,0,2,1,35.0,1.0,0.0,15.0,0.0,-30.0,-1.0,0.0,-6.0,13.0,-6.0,-0.2,0.0,-1.2,2.1666666666666665,1
66.16666666666667,86.83333333333333,158.0,178.83333333333334,192.0,193.0,5,0,0,1,1,1,1,0,0,1,2,0.0,0.0,55.0,19.0,1.0,12.0,-44.0,-55.0,-11.0,0.0,2.4,-8.8,-11.0,-2.2,0.0,1
104.0,154.16666666666666,166.16666666666666,109.0,126.83333333333333,182.0,3,0,1,0,2,0,0,0,1,1,1,0.0,47.0,0.0,44.0,0.0,-46.0,-40.0,50.0,42.0,-11.0,-9.2,-8.0,10.0,8.4,-1.8333333333333333,0
166.66666666666666,163.33333333333334,178.16666666666666,236.83333333333334,307.0,315.0,5,2,1,0,0,1,2,3,0,0,0,4.0,2.0,0.0,0.0,20.0,-2.0,0.0,-23.0,-68.0,-9.0,-0.4,0.0,-4.6,-13.6,-1.5,1
165.16666666666666,189.33333333333334,169.0,160.5,161.16666666666666,195.0,2,0,2,1,1,0,1,1,2,0,2,0.0,13.0,11.0,20.0,0.0,-8.0,3.0,13.0,-10.0,-16.0,-1.6,0.6,2.6,-2.0,-2.6666666666666665,0
334.8333333333333,297.8333333333333,240.5,155.33333333333334,131.33333333333334,350.0,1,0,0,0,0,1,0,0,0,1,1,0.0,0.0,0.0,215.0,0.0,27.0,47.0,57.0,54.0,-2.0,5.4,9.4,11.4,10.8,-0.3333333333333333,1
196.33333333333334,256.3333333333333,232.66666666666666,192.83333333333334,196.16666666666666,264.0,2,0,1,0,0,1,0,0,0,2,0,0.0,20.0,0.0,0.0,12.0,-61.0,-12.0,37.0,16.0,-3.0,-12.2,-2.4,7.4,3.2,-0.5,1
237.16666666666666,246.33333333333334,216.5,233.83333333333334,278.8333333333333,280.0,5,2,1,2,1,1,2,0,3,2,1,3.0,25.0,8.0,30.0,6.0,0.0,16.0,-1.0,-27.0,-8.0,0.0,3.2,-0.2,-5.4,-1.3333333333333333,1
113.5,122.33333333333333,132.33333333333334,128.16666666666666,128.0,135.0,3,2,0,2,0,0,2,0,0,1,1,1.0,0.0,6.0,0.0,0.0,-1.0,-13.0,-6.0,12.0,-22.0,-0.2,-2.6,-1.2,2.4,-3.6666666666666665,0
287.0,236.16666666666666,172.33333333333334,156.5,140.16666666666666,307.0,1,0,0,0,1,0,0,0,1,0,0,0.0,0.0,178.0,10.0,0.0,41.0,49.0,50.0,-8.0,24.0,8.2,9.8,10.0,-1.6,4.0,1
143.5,168.16666666666666,199.0,211.16666666666666,250.83333333333334,207.0,3,1,0,1,1,0,2,0,1,1,0,1.0,0.0,22.0,4.0,0.0,-9.0,-24.0,-18.0,-26.0,-28.0,-1.8,-4.8,-3.6,-5.2,-4.666666666666667,1
149.16666666666666,164.83333333333334,173.16666666666666,191.66666666666666,191.16666666666666,198.0,4,1,2,0,2,1,1,2,0,0,2,3.0,4.0,0.0,17.0,1.0,-12.0,-3.0,-9.0,-17.0,-3.0,-2.4,-0.6,-1.8,-3.4,-0.5,1
271.1666666666667,235.66666666666666,180.83333333333334,136.33333333333334,122.5,281.0,1,2,0,0,1,0,1,0,0,1,1,22.0,0.0,0.0,2.0,0.0,-22.0,54.0,45.0,20.0,8.0,-4.4,10.8,9.0,4.0,1.3333333333333333,1
259.1666666666667,305.5,341.1666666666667,337.3333333333333,281.5,344.0,3,1,0,2,1,1,1,0,1,2,0,10.0,0.0,9.0,5.0,18.0,-17.0,-52.0,-5.0,17.0,9.0,-3.4,-10.4,-1.0,3.4,1.5,1
177.5,169.0,169.66666666666666,148.5,149.33333333333334,195.0,1,0,2,2,1,1,2,1,0,2,0,0.0,2.0,3.0,3.0,0.0,27.0,0.0,20.0,0.0,3.0,5.4,0.0,4.0,0.0,0.5,1
127.33333333333333,79.0,87.33333333333333,110.5,168.66666666666666,102.0,3,0,0,1,0,0,0,1,0,1,0,0.0,0.0,26.0,0.0,0.0,43.0,36.0,-26.0,-30.0,-45.0,8.6,7.2,-5.2,-6.0,-7.5,0
205.5,221.33333333333334,192.83333333333334,137.66666666666666,141.83333333333334,226.0,2,0,1,0,0,1,1,0,0,2,1,0.0,5.0,51.0,0.0,10.0,-23.0,4.0,40.0,40.0,-12.0,-4.6,0.8,8.0,8.0,-2.0,1
126.16666666666667,136.0,136.0,136.0,136.0,136.0,1,1,0,0,0,0,0,0,0,0,0,26.0,0.0,0.0,0.0,0.0,-26.0,0.0,0.0,0.0,0.0,-5.2,0.0,0.0,0.0,0.0,0
147.33333333333334,227.5,247.0,158.83333333333334,147.0,273.0,3,1,1,0,1,1,1,0,0,1,2,8.0,95.0,0.0,6.0,1.0,-28.0,-94.0,62.0,35.0,13.0,-5.6,-18.8,12.4,7.0,2.1666666666666665,1
148.0,178.83333333333334,210.83333333333334,191.16666666666666,183.5,218.0,3,1,0,1,0,0,1,0,0,0,1,1.0,0.0,18.0,0.0,0.0,5.0,-44.0,-16.0,24.0,-12.0,1.0,-8.8,-3.2,4.8,-2.0,1
132.33333333333334,123.16666666666667,135.83333333333334,106.5,96.16666666666667,143.0,3,0,1,1,0,2,0,2,0,2,1,0.0,8.0,15.0,0.0,4.0,10.0,-5.0,-13.0,43.0,-1.0,2.0,-1.0,-2.6,8.6,-0.16666666666666666,1
321.8333333333333,248.16666666666666,233.0,213.83333333333334,207.0,362.0,1,1,2,1,2,0,1,2,0,3,0,1.0,3.0,0.0,5.0,145.0,95.0,27.0,25.0,4.0,-22.0,19.0,5.4,5.0,0.8,-3.6666666666666665,1
160.16666666666666,136.66666666666666,137.66666666666666,164.0,178.0,180.0,5,1,0,0,2,1,0,1,0,1,1,5.0,0.0,0.0,27.0,1.0,20.0,16.0,-16.0,-18.0,7.0,4.0,3.2,-3.2,-3.6,1.1666666666666667,1
86.16666666666667,98.83333333333333,124.91666666666667,156.66666666666666,155.83333333333334,161.0,5,1,0,0,2,1,1,0,0,1,1,1.0,0.0,0.0,10.0,1.0,-6.0,-14.0,-38.0,-8.0,17.0,-1.2,-2.8,-7.6,-1.6,2.8333333333333335,1
187.83333333333334,210.0,200.33333333333334,184.0,188.83333333333334,221.0,2,1,1,0,1,1,1,0,1,1,0,13.0,26.0,0.0,0.0,4.0,-16.0,-26.0,30.0,-1.0,22.0,-3.2,-5.2,6.0,-0.2,3.6666666666666665,0
267.8333333333333,247.83333333333334,233.83333333333334,237.66666666666666,223.16666666666666,272.0,1,1,0,1,0,0,0,0,1,0,0,8.0,0.0,13.0,0.0,0.0,-5.0,25.0,-10.0,11.0,12.0,-1.0,5.0,-2.0,2.2,2.0,0
265.0,250.5,240.5,160.16666666666666,101.66666666666667,277.0,1,1,1,0,0,0,0,2,0,0,1,20.0,13.0,0.0,0.0,0.0,1.0,-8.0,43.0,88.0,-18.0,0.2,-1.6,8.6,17.6,-3.0,1
205.33333333333334,242.83333333333334,206.0,162.5,186.66666666666666,245.0,2,0,1,0,1,1,0,0,1,1,0,0.0,6.0,0.0,5.0,15.0,-57.0,-5.0,78.0,-13.0,-14.0,-11.4,-1.0,15.6,-2.6,-2.3333333333333335,1
240.0,218.83333333333334,166.16666666666666,95.16666666666667,89.5,244.0,1,2,0,0,1,1,0,0,0,2,2,11.0,0.0,0.0,2.0,3.0,-5.0,34.0,53.0,31.0,-2.0,-1.0,6.8,10.6,6.2,-0.3333333333333333,1
354.6666666666667,258.0,239.66666666666666,216.33333333333334,206.83333333333334,371.0,1,0,2,2,2,0,0,2,1,2,1,0.0,2.0,2.0,5.0,163.0,44.0,35.0,11.0,11.0,10.0,8.8,7.0,2.2,2.2,1.6666666666666667,0
88.33333333333333,81.33333333333333,87.5,101.33333333333333,132.08333333333334,90.0,1,2,1,0,0,0,1,1,1,0,0,3.0,10.0,0.0,0.0,0.0,-1.0,1.0,-7.0,-14.0,-38.5,-0.2,0.2,-1.4,-2.8,-6.416666666666667,1
158.33333333333334,151.83333333333334,144.16666666666666,175.0,214.33333333333334,217.0,5,2,1,0,0,1,1,2,1,0,0,6.0,1.0,0.0,0.0,9.0,-6.0,23.0,-19.0,-37.0,-6.0,-1.2,4.6,-3.8,-7.4,-1.0,0
97.66666666666667,91.0,128.66666666666666,163.16666666666666,163.5,170.0,5,1,0,1,2,0,1,1,0,2,1,2.0,0.0,57.0,14.0,0.0,6.0,-6.0,-54.0,-8.0,13.0,1.2,-1.2,-10.8,-1.6,2.1666666666666665,1
250.66666666666666,220.0,219.83333333333334,205.5,173.5,269.0,1,0,1,3,0,0,0,2,1,1,1,0.0,0.0,27.0,90.0,0.0,34.0,22.0,-23.0,64.0,-9.0,6.8,4.4,-4.6,12.8,-1.5,0
293.3333333333333,287.0,245.0,185.83333333333334,166.33333333333334,296.0,1,2,0,0,0,1,2,0,0,1,1,5.0,0.0,128.0,0.0,3.0,2.0,19.0,47.0,32.0,-3.0,0.4,3.8,9.4,6.4,-0.5,1
400.0,400.0,400.0,394.8333333333333,361.0,400.0,1,0,0,1,1,0,0,0,0,1,1,0.0,0.0,0.0,4.0,36.0,0.0,0.0,0.0,19.0,0.0,0.0,0.0,0.0,3.8,0.0,0
