,cgmSeries_1,cgmSeries_2,cgmSeries_3,cgmSeries_4,cgmSeries_5,cgmSeries_6,cgmSeries_7,cgmSeries_8,cgmSeries_9,cgmSeries_10,cgmSeries_11,cgmSeries_12,cgmSeries_13,cgmSeries_14,cgmSeries_15,cgmSeries_16,cgmSeries_17,cgmSeries_18,cgmSeries_19,cgmSeries_20,cgmSeries_21,cgmSeries_22,cgmSeries_23,cgmSeries_24,cgmSeries_25,cgmSeries_26,cgmSeries_27,cgmSeries_28,cgmSeries_29,cgmSeries_30,mean_1,mean_2,mean_3,mean_4,mean_5,shifted_mean1,shifted_mean2,shifted_mean3,shifted_mean4,shifted_mean5,Global_Maximum,Global_Maximum_Interval,Count_Local_Max_1,Count_Local_Max_2,Count_Local_Max_3,Count_Local_Max_4,Count_Local_Max_5,Count_Local_Min_1,Count_Local_Min_2,Count_Local_Min_3,Count_Local_Min_4,Count_Local_Min_5,Diff_Local_Max_Min_Interval_1,Diff_Local_Max_Min_Interval_2,Diff_Local_Max_Min_Interval_3,Diff_Local_Max_Min_Interval_4,Diff_Local_Max_Min_Interval_5,CGM_Displacement_Interval_1,CGM_Displacement_Interval_2,CGM_Displacement_Interval_3,CGM_Displacement_Interval_4,CGM_Displacement_Interval_5,CGM_Velocity_Interval_1,CGM_Velocity_Interval_2,CGM_Velocity_Interval_3,CGM_Velocity_Interval_4,CGM_Velocity_Interval_5
0,256.0,258.0,260.0,258.0,254.0,252.0,246.0,241.0,236.0,228.0,221.0,213.0,207.0,194.0,179.0,163.0,146.0,131.0,113.0,102.0,99.0,99.0,98.0,99.0,97.0,91.0,91.0,90.0,91.0,92.0,256.3333333333333,230.83333333333334,170.0,101.66666666666667,92.0,0,0,0,0,0,260.0,1,1,0,0,2,1,0,0,0,2,2,4.0,0.0,0.0,1.0,0.0,4.0,33.0,76.0,14.0,5.0,0.8,6.6,15.2,2.8,0.8333333333333334
1,260.0,273.0,283.0,292.0,303.0,310.0,316.0,325.0,335.0,341.0,343.0,345.0,347.0,347.0,349.0,351.0,349.0,348.0,345.0,335.0,324.0,310.0,294.0,284.0,275.0,269.0,261.0,245.0,232.0,216.0,286.8333333333333,334.1666666666667,348.5,315.3333333333333,249.66666666666666,256.3333333333333,230.83333333333334,170.0,101.66666666666667,92.0,351.0,3,0,1,1,0,0,0,0,1,0,0,0.0,31.0,4.0,0.0,0.0,-50.0,-29.0,-1.0,61.0,59.0,-10.0,-5.8,-0.2,12.2,9.833333333333334
2,232.0,237.0,248.0,257.0,263.0,269.0,274.0,271.0,269.0,266.0,258.0,249.0,238.0,227.0,212.0,200.0,176.0,150.0,140.0,137.0,137.0,136.0,134.0,132.0,127.0,126.0,124.0,123.0,123.0,123.0,251.0,264.5,200.5,136.0,124.33333333333333,286.8333333333333,334.1666666666667,348.5,315.3333333333333,249.66666666666666,274.0,2,1,0,0,1,0,0,0,0,1,1,42.0,0.0,0.0,0.0,0.0,-37.0,25.0,88.0,8.0,4.0,-7.4,5.0,17.6,1.6,0.6666666666666666
3,228.0,231.0,222.0,216.0,215.0,215.0,213.0,212.0,211.0,206.0,207.0,199.0,186.0,172.0,160.0,145.0,123.0,102.0,95.0,94.0,94.0,93.0,92.0,89.0,96.0,94.0,94.0,94.0,95.0,94.0,221.16666666666666,208.0,148.0,92.83333333333333,94.5,251.0,264.5,200.5,136.0,124.33333333333333,231.0,1,2,1,0,2,1,1,1,0,2,2,0.0,1.0,0.0,7.0,1.0,13.0,14.0,84.0,6.0,2.0,2.6,2.8,16.8,1.2,0.3333333333333333
4,137.0,137.0,139.0,141.0,147.0,152.0,155.0,157.0,157.0,158.0,160.0,161.0,163.0,165.0,167.0,166.0,163.0,157.0,151.0,143.0,136.0,128.0,121.0,120.0,120.0,120.0,120.0,120.0,121.0,123.0,142.16666666666666,158.0,163.5,133.16666666666666,120.66666666666667,221.16666666666666,208.0,148.0,92.83333333333333,94.5,167.0,3,0,1,1,0,0,1,1,0,1,1,0.0,2.0,4.0,0.0,14.0,-15.0,-6.0,6.0,31.0,-3.0,-3.0,-1.2,1.2,6.2,-0.5
5,213.0,215.0,215.0,214.0,211.0,212.0,217.0,222.0,226.0,222.0,218.0,212.0,210.0,199.0,186.0,173.0,159.0,144.0,128.0,106.0,97.0,95.0,96.0,98.0,98.0,94.0,90.0,87.0,87.0,87.0,213.33333333333334,219.5,178.5,103.33333333333333,90.5,142.16666666666666,158.0,163.5,133.16666666666666,120.66666666666667,226.0,2,2,1,0,2,0,1,0,0,1,1,2.0,9.0,0.0,3.0,0.0,1.0,5.0,66.0,30.0,11.0,0.2,1.0,13.2,6.0,1.8333333333333333
6,164.0,167.0,170.0,172.0,172.0,178.0,183.0,186.0,186.0,187.0,181.0,174.0,166.0,159.0,156.0,153.0,132.0,106.0,98.0,98.0,107.0,111.0,111.0,112.0,110.0,109.0,104.0,100.0,100.0,98.0,170.5,182.83333333333334,145.33333333333334,106.16666666666667,103.5,213.33333333333334,219.5,178.5,103.33333333333333,90.5,187.0,2,1,2,0,2,1,1,1,1,2,1,8.0,4.0,0.0,14.0,0.0,-14.0,9.0,60.0,-14.0,12.0,-2.8,1.8,12.0,-2.8,2.0
7,228.0,230.0,230.0,229.0,226.0,227.0,225.0,219.0,213.0,207.0,200.0,187.0,176.0,166.0,154.0,139.0,122.0,107.0,98.0,95.0,94.0,92.0,91.0,92.0,94.0,94.0,94.0,95.0,94.0,93.0,228.33333333333334,208.5,144.0,93.66666666666667,94.0,170.5,182.83333333333334,145.33333333333334,106.16666666666667,103.5,230.0,1,3,0,0,1,1,1,0,0,1,1,1.0,0.0,0.0,3.0,1.0,1.0,38.0,69.0,6.0,1.0,0.2,7.6,13.8,1.2,0.16666666666666666
8,187.0,186.0,185.0,184.0,183.0,181.0,178.0,176.0,176.0,176.0,175.0,175.0,171.0,165.0,159.0,151.0,141.0,127.0,118.0,115.0,116.0,116.0,114.0,111.0,108.0,102.0,101.0,100.0,100.0,100.0,184.33333333333334,176.0,152.33333333333334,115.0,101.83333333333333,228.33333333333334,208.5,144.0,93.66666666666667,94.0,187.0,1,0,2,0,2,0,0,2,0,1,1,0.0,0.0,0.0,1.0,87.0,6.0,3.0,44.0,7.0,8.0,1.2,0.6,8.8,1.4,1.3333333333333333
9,134.0,133.0,135.0,137.0,140.0,142.0,146.0,151.0,158.0,173.0,182.0,187.0,190.0,193.0,192.0,187.0,184.0,174.0,162.0,155.0,152.0,151.0,149.0,128.0,128.0,129.0,129.0,129.0,127.0,127.0,136.83333333333334,166.16666666666666,186.66666666666666,149.5,128.16666666666666,184.33333333333334,176.0,152.33333333333334,115.0,101.83333333333333,193.0,3,0,0,1,0,2,1,0,0,2,1,0.0,0.0,3.0,7.0,1.0,-8.0,-41.0,16.0,34.0,1.0,-1.6,-8.2,3.2,6.8,0.16666666666666666
10,219.0,219.0,220.0,221.0,223.0,226.0,229.0,230.0,228.0,227.0,228.0,225.0,220.0,216.0,208.0,201.0,182.0,159.0,141.0,121.0,111.0,106.0,102.0,99.0,96.0,104.0,115.0,122.0,130.0,132.0,221.33333333333334,227.83333333333334,197.66666666666666,113.33333333333333,116.5,136.83333333333334,166.16666666666666,186.66666666666666,149.5,128.16666666666666,230.0,2,0,2,0,0,0,1,1,0,1,0,0.0,1.0,0.0,0.0,87.0,-7.0,4.0,61.0,42.0,-36.0,-1.4,0.8,12.2,8.4,-6.0
11,227.0,231.0,235.0,239.0,242.0,242.0,239.0,232.0,226.0,214.0,203.0,188.0,171.0,153.0,137.0,116.0,103.0,93.0,87.0,83.0,80.0,77.0,75.0,77.0,84.0,83.0,82.0,81.0,80.0,79.0,236.0,217.0,128.83333333333334,79.83333333333333,81.5,221.33333333333334,227.83333333333334,197.66666666666666,113.33333333333333,116.5,242.0,1,2,0,0,1,0,0,0,0,1,0,15.0,0.0,0.0,9.0,0.0,-15.0,51.0,78.0,10.0,5.0,-3.0,10.2,15.6,2.0,0.8333333333333334
12,187.0,191.0,194.0,194.0,195.0,195.0,196.0,197.0,200.0,201.0,198.0,193.0,185.0,176.0,167.0,159.0,150.0,142.0,129.0,117.0,113.0,112.0,112.0,114.0,117.0,115.0,111.0,110.0,111.0,110.0,192.66666666666666,197.5,163.16666666666666,116.16666666666667,112.33333333333333,236.0,217.0,128.83333333333334,79.83333333333333,81.5,201.0,2,2,1,0,1,1,2,0,0,2,1,8.0,5.0,0.0,5.0,1.0,-8.0,3.0,43.0,15.0,7.0,-1.6,0.6,8.6,3.0,1.1666666666666667
13,157.0,162.0,173.0,188.0,195.0,198.0,203.0,204.0,206.0,204.0,200.0,196.0,189.0,183.0,178.0,169.0,143.0,125.0,116.0,113.0,114.0,111.0,106.0,102.0,97.0,99.0,102.0,105.0,107.0,108.0,178.83333333333334,202.16666666666666,164.5,110.33333333333333,103.0,192.66666666666666,197.5,163.16666666666666,116.16666666666667,112.33333333333333,206.0,2,0,1,0,1,0,0,0,0,2,0,0.0,3.0,0.0,1.0,0.0,-41.0,7.0,64.0,14.0,-11.0,-8.2,1.4,12.8,2.8,-1.8333333333333333
14,121.0,122.0,120.0,118.0,119.0,120.0,117.0,113.0,109.0,101.0,97.0,97.0,97.0,99.0,102.0,103.0,103.0,103.0,104.0,106.0,106.0,104.0,101.0,94.0,81.0,82.0,81.0,80.0,79.0,79.0,120.0,105.66666666666667,101.16666666666667,102.5,80.33333333333333,178.83333333333334,202.16666666666666,164.5,110.33333333333333,103.0,122.0,1,2,0,1,2,1,1,2,1,1,1,2.0,0.0,6.0,2.0,1.0,1.0,20.0,-6.0,10.0,2.0,0.2,4.0,-1.2,2.0,0.3333333333333333
15,207.0,211.0,213.0,216.0,216.0,212.0,206.0,202.0,194.0,185.0,177.0,170.0,163.0,154.0,144.0,134.0,121.0,111.0,106.0,104.0,104.0,103.0,101.0,98.0,99.0,101.0,100.0,101.0,102.0,106.0,212.5,189.0,137.83333333333334,102.66666666666667,101.5,120.0,105.66666666666667,101.16666666666667,102.5,80.33333333333333,216.0,1,2,0,0,1,1,0,0,0,2,1,9.0,0.0,0.0,0.0,2.0,-5.0,36.0,52.0,8.0,-7.0,-1.0,7.2,10.4,1.6,-1.1666666666666667
16,216.0,218.0,218.0,217.0,216.0,216.0,217.0,218.0,219.0,220.0,216.0,211.0,205.0,196.0,187.0,177.0,167.0,153.0,139.0,132.0,129.0,129.0,130.0,130.0,131.0,134.0,135.0,137.0,138.0,138.0,216.83333333333334,216.83333333333334,180.83333333333334,131.5,135.5,212.5,189.0,137.83333333333334,102.66666666666667,101.5,220.0,2,2,1,0,1,1,2,0,0,3,0,2.0,3.0,0.0,1.0,7.0,0.0,6.0,52.0,9.0,-7.0,0.0,1.2,10.4,1.8,-1.1666666666666667
17,80.0,76.0,73.0,67.0,64.0,63.0,66.0,72.0,82.0,90.0,104.0,117.0,128.0,138.0,148.0,159.0,173.0,185.0,194.0,205.0,216.0,223.0,228.0,231.0,231.0,227.0,220.0,212.0,204.0,196.0,70.5,88.5,155.16666666666666,216.16666666666666,215.0,216.83333333333334,216.83333333333334,180.83333333333334,131.5,135.5,231.0,4,0,0,0,2,0,1,0,0,0,0,0.0,0.0,0.0,37.0,0.0,17.0,-51.0,-57.0,-37.0,35.0,3.4,-10.2,-11.4,-7.4,5.833333333333333
18,180.0,182.0,181.0,177.0,169.0,159.0,156.0,155.0,156.0,159.0,162.0,161.0,160.0,152.0,143.0,131.0,116.0,98.0,82.0,78.0,77.0,79.0,77.0,75.0,73.0,74.0,79.0,83.0,85.0,87.0,174.66666666666666,158.16666666666666,133.33333333333334,78.0,80.16666666666667,70.5,88.5,155.16666666666666,216.16666666666666,215.0,182.0,1,1,1,0,1,0,0,1,0,2,0,2.0,7.0,0.0,2.0,0.0,21.0,-5.0,62.0,7.0,-14.0,4.2,-1.0,12.4,1.4,-2.3333333333333335
19,136.0,144.0,152.0,160.0,169.0,183.0,194.0,201.0,206.0,204.0,200.0,196.0,193.0,190.0,185.0,177.0,167.0,155.0,136.0,124.0,119.0,119.0,119.0,116.0,106.0,104.0,101.0,100.0,99.0,97.0,157.33333333333334,200.16666666666666,177.83333333333334,122.16666666666667,101.16666666666667,174.66666666666666,158.16666666666666,133.33333333333334,78.0,80.16666666666667,206.0,2,0,1,0,1,0,0,0,0,1,0,0.0,12.0,0.0,0.0,0.0,-47.0,-2.0,38.0,20.0,9.0,-9.4,-0.4,7.6,4.0,1.5
20,127.0,135.0,144.0,156.0,168.0,183.0,192.0,199.0,205.0,197.0,186.0,181.0,181.0,186.0,187.0,183.0,177.0,166.0,145.0,133.0,130.0,131.0,131.0,128.0,124.0,115.0,115.0,114.0,116.0,117.0,152.16666666666666,193.33333333333334,180.0,133.0,116.83333333333333,157.33333333333334,200.16666666666666,177.83333333333334,122.16666666666667,101.16666666666667,205.0,2,0,1,1,2,1,0,2,0,1,2,0.0,13.0,6.0,1.0,0.0,-56.0,11.0,15.0,17.0,7.0,-11.2,2.2,3.0,3.4,1.1666666666666667
21,93.0,92.0,92.0,94.0,94.0,93.0,92.0,90.0,90.0,90.0,90.0,91.0,93.0,97.0,101.0,101.0,98.0,90.0,84.0,83.0,84.0,85.0,82.0,80.0,82.0,86.0,92.0,98.0,101.0,102.0,93.0,90.5,96.66666666666667,83.0,93.5,152.16666666666666,193.33333333333334,180.0,133.0,116.83333333333333,101.0,3,2,0,2,1,0,2,2,0,2,0,2.0,0.0,8.0,2.0,0.0,0.0,1.0,3.0,4.0,-20.0,0.0,0.2,0.6,0.8,-3.3333333333333335
22,150.0,159.0,167.0,179.0,191.0,198.0,203.0,203.0,200.0,195.0,189.0,182.0,175.0,168.0,161.0,153.0,141.0,131.0,127.0,124.0,122.0,121.0,120.0,122.0,126.0,135.0,141.0,145.0,147.0,148.0,174.0,195.33333333333334,154.83333333333334,122.66666666666667,140.33333333333334,93.0,90.5,96.66666666666667,83.0,93.5,203.0,2,1,1,0,0,0,0,0,0,1,0,53.0,0.0,0.0,0.0,0.0,-48.0,21.0,44.0,5.0,-22.0,-9.6,4.2,8.8,1.0,-3.6666666666666665
23,71.0,85.0,103.0,115.0,129.0,140.0,145.0,145.0,144.0,143.0,137.0,134.0,141.0,135.0,134.0,135.0,131.0,126.0,113.0,92.0,77.0,71.0,69.0,72.0,80.0,86.0,91.0,96.0,96.0,95.0,107.16666666666667,141.33333333333334,133.66666666666666,82.33333333333333,90.66666666666667,174.0,195.33333333333334,154.83333333333334,122.66666666666667,140.33333333333334,145.0,2,1,2,1,0,2,0,1,1,1,0,74.0,7.0,1.0,0.0,16.0,-69.0,11.0,15.0,41.0,-15.0,-13.8,2.2,3.0,8.2,-2.5
24,176.0,186.0,194.0,201.0,206.0,211.0,213.0,205.0,201.0,198.0,198.0,195.0,191.0,184.0,174.0,163.0,151.0,135.0,126.0,124.0,123.0,124.0,122.0,119.0,111.0,112.0,113.0,115.0,115.0,113.0,195.66666666666666,201.66666666666666,166.33333333333334,123.0,113.16666666666667,107.16666666666667,141.33333333333334,133.66666666666666,82.33333333333333,90.66666666666667,213.0,2,1,1,0,1,2,0,1,0,2,0,37.0,0.0,0.0,1.0,4.0,-35.0,18.0,56.0,7.0,-2.0,-7.0,3.6,11.2,1.4,-0.3333333333333333
25,97.0,99.0,102.0,105.0,107.0,110.0,113.0,119.0,124.0,129.0,132.0,134.0,133.0,128.0,123.0,117.0,112.0,109.0,97.0,88.0,85.0,84.0,83.0,81.0,80.0,77.0,79.0,84.0,89.0,90.0,103.33333333333333,125.16666666666667,120.33333333333333,86.33333333333333,83.16666666666667,195.66666666666666,201.66666666666666,166.33333333333334,123.0,113.16666666666667,134.0,2,0,1,0,0,0,0,0,0,0,1,0.0,21.0,0.0,0.0,0.0,-13.0,-21.0,24.0,16.0,-10.0,-2.6,-4.2,4.8,3.2,-1.6666666666666667
26,69.0,73.0,79.0,87.0,97.0,106.0,111.0,114.0,115.0,115.0,113.0,110.0,107.0,100.0,93.0,88.0,83.0,80.0,79.0,80.0,83.0,85.0,86.0,89.0,93.0,100.0,110.0,116.0,134.0,148.0,85.16666666666667,113.0,91.83333333333333,83.66666666666667,116.83333333333333,103.33333333333333,125.16666666666667,120.33333333333333,86.33333333333333,83.16666666666667,115.0,2,0,2,0,0,0,0,0,1,0,0,0.0,4.0,0.0,0.0,0.0,-37.0,1.0,27.0,-10.0,-55.0,-7.4,0.2,5.4,-2.0,-9.166666666666666
27,98.0,102.0,115.0,126.0,132.0,134.0,132.0,130.0,131.0,136.0,141.0,145.0,145.0,142.0,136.0,130.0,129.0,131.0,133.0,137.0,140.0,143.0,147.0,147.0,150.0,159.0,168.0,175.0,180.0,185.0,117.83333333333333,135.83333333333334,135.5,141.16666666666666,169.5,85.16666666666667,113.0,91.83333333333333,83.66666666666667,116.83333333333333,147.0,4,1,2,0,1,0,0,1,1,1,0,36.0,15.0,0.0,14.0,0.0,-36.0,-13.0,14.0,-14.0,-35.0,-7.2,-2.6,2.8,-2.8,-5.833333333333333
28,190.0,182.0,176.0,172.0,169.0,168.0,167.0,170.0,173.0,171.0,171.0,168.0,164.0,164.0,155.0,139.0,127.0,121.0,118.0,115.0,114.0,114.0,117.0,113.0,104.0,107.0,108.0,109.0,109.0,111.0,176.16666666666666,170.0,145.0,115.16666666666667,108.0,117.83333333333333,135.83333333333334,135.5,141.16666666666666,169.5,190.0,1,0,2,1,1,1,1,2,0,3,1,0.0,4.0,0.0,3.0,5.0,22.0,-1.0,43.0,5.0,-7.0,4.4,-0.2,8.6,1.0,-1.1666666666666667
29,167.0,162.0,158.0,149.0,142.0,140.0,136.0,131.0,124.0,120.0,110.0,105.0,99.0,95.0,93.0,92.0,97.0,109.0,129.0,148.0,153.0,153.0,154.0,161.0,182.0,187.0,186.0,182.0,193.0,198.0,153.0,121.0,97.5,149.66666666666666,188.0,176.16666666666666,170.0,145.0,115.16666666666667,108.0,187.0,5,0,0,0,1,1,0,0,1,1,1,0.0,0.0,0.0,24.0,5.0,27.0,31.0,-10.0,-32.0,-16.0,5.4,6.2,-2.0,-6.4,-2.6666666666666665
30,78.0,78.0,78.0,79.0,84.0,87.0,91.0,94.0,95.0,96.0,97.0,96.0,95.0,99.0,105.0,110.0,116.0,121.0,127.0,132.0,131.0,126.0,115.0,103.0,96.0,92.0,89.0,91.0,95.0,100.0,80.66666666666667,94.83333333333333,107.66666666666667,122.33333333333333,93.83333333333333,153.0,121.0,97.5,149.66666666666666,188.0,132.0,4,0,1,0,1,0,1,1,0,0,1,0.0,6.0,0.0,5.0,0.0,-9.0,-5.0,-26.0,24.0,-4.0,-1.8,-1.0,-5.2,4.8,-0.6666666666666666
31,106.0,107.0,111.0,122.0,126.0,128.0,128.0,127.0,127.0,130.0,132.0,133.0,133.0,128.0,125.0,123.0,123.0,124.0,125.0,126.0,126.0,128.0,128.0,124.0,116.0,109.0,105.0,101.0,99.0,99.0,116.66666666666667,129.5,126.0,126.16666666666667,104.83333333333333,80.66666666666667,94.83333333333333,107.66666666666667,122.33333333333333,93.83333333333333,133.0,2,2,2,0,3,0,0,2,2,1,1,22.0,6.0,0.0,3.0,0.0,-22.0,-5.0,9.0,1.0,17.0,-4.4,-1.0,1.8,0.2,2.8333333333333335
32,164.0,160.0,156.0,152.0,150.0,145.0,139.0,131.0,124.0,122.0,120.0,115.0,109.0,101.0,89.0,81.0,77.0,75.0,74.0,74.0,76.0,78.0,79.0,79.0,78.0,75.0,75.0,74.0,75.0,77.0,154.5,125.16666666666667,88.66666666666667,76.66666666666667,75.66666666666667,116.66666666666667,129.5,126.0,126.16666666666667,104.83333333333333,164.0,1,0,0,0,2,1,0,0,1,1,2,0.0,0.0,0.0,5.0,0.0,19.0,24.0,34.0,-5.0,1.0,3.8,4.8,6.8,-1.0,0.16666666666666666
33,213.0,212.0,211.0,214.0,216.0,215.0,209.0,190.0,190.0,190.0,185.0,175.0,157.0,149.0,145.0,147.0,155.0,164.0,165.0,154.0,146.0,142.0,137.0,123.0,117.0,104.0,100.0,101.0,103.0,108.0,213.5,189.83333333333334,152.83333333333334,144.5,105.5,,,,,,216.0,1,1,1,1,0,0,1,1,1,0,1,5.0,0.0,20.0,0.0,105.0,-2.0,34.0,-7.0,42.0,9.0,-0.4,6.8,-1.4,8.4,1.5
34,57.0,55.0,65.0,74.0,79.0,89.0,100.0,107.0,118.0,133.0,144.0,154.0,166.0,181.0,188.0,190.0,193.0,195.0,185.0,177.0,167.0,143.0,123.0,105.0,79.0,63.0,56.0,52.0,58.0,63.0,69.83333333333333,126.0,185.5,150.0,61.833333333333336,213.5,189.83333333333334,152.83333333333334,144.5,105.5,195.0,3,0,0,1,0,0,1,0,0,0,1,0.0,0.0,29.0,0.0,0.0,-32.0,-54.0,-29.0,80.0,16.0,-6.4,-10.8,-5.8,16.0,2.6666666666666665
35,229.0,234.0,239.0,243.0,243.0,241.0,239.0,239.0,242.0,244.0,245.0,242.0,237.0,230.0,232.0,242.0,259.0,268.0,271.0,263.0,258.0,251.0,248.0,245.0,236.0,234.0,215.0,209.0,207.0,197.0,238.16666666666666,241.83333333333334,244.66666666666666,256.0,216.33333333333334,69.83333333333333,126.0,185.5,150.0,61.833333333333336,271.0,4,2,1,1,0,0,1,1,1,0,0,14.0,6.0,41.0,0.0,0.0,-12.0,-3.0,-31.0,26.0,39.0,-2.4,-0.6,-6.2,5.2,6.5
36,86.0,88.0,89.0,84.0,85.0,88.0,98.0,102.0,107.0,118.0,123.0,115.0,114.0,111.0,108.0,102.0,104.0,113.0,112.0,102.0,100.0,105.0,110.0,95.0,89.0,91.0,102.0,109.0,117.0,134.0,86.66666666666667,110.5,108.66666666666667,104.0,107.0,238.16666666666666,241.83333333333334,244.66666666666666,256.0,216.33333333333334,123.0,2,1,1,1,1,0,1,0,1,2,0,3.0,25.0,11.0,10.0,0.0,-2.0,-17.0,1.0,17.0,-45.0,-0.4,-3.4,0.2,3.4,-7.5
37,175.0,175.0,175.0,172.0,169.0,161.0,154.0,146.0,134.0,124.0,119.0,118.0,123.0,130.0,137.0,135.0,129.0,124.0,121.0,117.0,111.0,97.0,88.0,85.0,84.0,85.0,89.0,93.0,95.0,99.0,171.16666666666666,132.5,129.66666666666666,103.16666666666667,90.83333333333333,86.66666666666667,110.5,108.66666666666667,104.0,107.0,175.0,1,1,0,1,0,0,0,1,0,1,0,0.0,0.0,14.0,76.0,0.0,14.0,36.0,-1.0,36.0,-15.0,2.8,7.2,-0.2,7.2,-2.5
38,101.0,106.0,114.0,121.0,127.0,131.0,136.0,140.0,148.0,159.0,169.0,182.0,192.0,206.0,210.0,206.0,201.0,182.0,167.0,154.0,140.0,127.0,116.0,106.0,97.0,89.0,76.0,67.0,63.0,60.0,116.66666666666667,155.66666666666666,199.5,135.0,75.33333333333333,171.16666666666666,132.5,129.66666666666666,103.16666666666667,90.83333333333333,210.0,3,0,0,1,0,0,0,0,0,0,0,0.0,0.0,18.0,0.0,0.0,-30.0,-46.0,10.0,61.0,37.0,-6.0,-9.2,2.0,12.2,6.166666666666667
39,244.0,252.0,260.0,260.0,260.0,260.0,260.0,260.0,260.0,292.0,306.0,313.0,317.0,309.0,301.0,293.0,292.0,296.0,302.0,276.0,257.0,252.0,223.0,219.0,231.0,233.0,215.0,200.0,182.0,157.0,256.0,281.8333333333333,301.3333333333333,254.83333333333334,203.0,116.66666666666667,155.66666666666666,199.5,135.0,75.33333333333333,317.0,3,1,1,1,0,1,0,1,1,1,0,16.0,57.0,10.0,0.0,2.0,-16.0,-53.0,21.0,83.0,74.0,-3.2,-10.6,4.2,16.6,12.333333333333334
40,139.0,139.0,142.0,146.0,154.0,159.0,167.0,176.0,190.0,201.0,205.0,222.0,229.0,232.0,235.0,233.0,232.0,234.0,216.0,207.0,200.0,191.0,182.0,181.0,170.0,162.0,154.0,144.0,134.0,131.0,146.5,193.5,232.5,196.16666666666666,149.16666666666666,256.0,281.8333333333333,301.3333333333333,254.83333333333334,203.0,235.0,3,0,0,2,0,0,1,0,1,0,0,0.0,0.0,5.0,0.0,8.0,-20.0,-55.0,-5.0,35.0,39.0,-4.0,-11.0,-1.0,7.0,6.5
41,224.0,235.0,241.0,244.0,244.0,240.0,239.0,245.0,249.0,250.0,239.0,233.0,234.0,234.0,237.0,246.0,260.0,277.0,259.0,235.0,227.0,188.0,151.0,102.0,90.0,78.0,74.0,64.0,57.0,58.0,238.0,242.5,248.0,193.66666666666666,70.16666666666667,146.5,193.5,232.5,196.16666666666666,149.16666666666666,277.0,3,2,2,1,0,0,1,1,1,0,1,20.0,1.0,43.0,0.0,0.0,-16.0,6.0,-43.0,157.0,32.0,-3.2,1.2,-8.6,31.4,5.333333333333333
42,151.0,156.0,157.0,155.0,156.0,152.0,145.0,142.0,142.0,148.0,156.0,158.0,169.0,176.0,178.0,179.0,183.0,187.0,184.0,179.0,168.0,153.0,143.0,136.0,135.0,123.0,110.0,101.0,85.0,58.0,154.5,148.5,178.66666666666666,160.5,102.0,238.0,242.5,248.0,193.66666666666666,70.16666666666667,187.0,3,2,0,1,0,0,1,2,0,0,0,5.0,0.0,18.0,0.0,0.0,-1.0,-13.0,-18.0,48.0,77.0,-0.2,-2.6,-3.6,9.6,12.833333333333334
43,58.0,117.0,117.0,117.0,117.0,117.0,117.0,117.0,117.0,117.0,117.0,117.0,117.0,117.0,117.0,117.0,117.0,117.0,117.0,117.0,117.0,117.0,117.0,117.0,117.0,117.0,105.0,100.0,91.0,88.0,107.16666666666667,117.0,117.0,117.0,103.0,154.5,148.5,178.66666666666666,160.5,102.0,117.0,1,1,0,0,0,1,0,0,0,0,0,59.0,0.0,0.0,0.0,0.0,-59.0,0.0,0.0,0.0,29.0,-11.8,0.0,0.0,0.0,4.833333333333333
44,175.0,177.0,181.0,177.0,173.0,174.0,183.0,194.0,201.0,200.0,195.0,199.0,204.0,217.0,229.0,233.0,236.0,244.0,245.0,240.0,233.0,221.0,215.0,211.0,209.0,189.0,174.0,153.0,126.0,109.0,176.16666666666666,195.33333333333334,227.16666666666666,227.5,160.0,107.16666666666667,117.0,117.0,117.0,103.0,245.0,4,1,1,1,0,0,1,1,0,0,0,6.0,18.0,41.0,0.0,0.0,1.0,-16.0,-40.0,34.0,100.0,0.2,-3.2,-8.0,6.8,16.666666666666668
45,256.0,234.0,228.0,230.0,216.0,210.0,209.0,206.0,207.0,203.0,199.0,193.0,191.0,192.0,193.0,192.0,196.0,184.0,183.0,183.0,164.0,150.0,145.0,129.0,114.0,108.0,105.0,102.0,106.0,111.0,229.0,202.83333333333334,191.33333333333334,159.0,107.66666666666667,176.16666666666666,195.33333333333334,227.16666666666666,227.5,160.0,256.0,1,1,1,2,1,0,1,2,2,0,1,2.0,1.0,5.0,0.0,0.0,46.0,16.0,7.0,54.0,3.0,9.2,3.2,1.4,10.8,0.5
46,260.0,254.0,242.0,232.0,227.0,223.0,221.0,211.0,204.0,201.0,197.0,198.0,193.0,181.0,167.0,159.0,157.0,148.0,140.0,134.0,127.0,118.0,111.0,107.0,104.0,100.0,90.0,85.0,83.0,80.0,239.66666666666666,205.33333333333334,167.5,122.83333333333333,90.33333333333333,229.0,202.83333333333334,191.33333333333334,159.0,107.66666666666667,260.0,1,0,1,0,0,0,0,1,0,0,0,0.0,1.0,0.0,180.0,0.0,37.0,23.0,45.0,33.0,24.0,7.4,4.6,9.0,6.6,4.0
47,160.0,167.0,173.0,182.0,188.0,192.0,203.0,214.0,218.0,220.0,217.0,214.0,208.0,206.0,201.0,199.0,197.0,199.0,202.0,203.0,191.0,165.0,131.0,115.0,103.0,96.0,93.0,97.0,98.0,96.0,177.0,214.33333333333334,201.66666666666666,167.83333333333334,97.16666666666667,239.66666666666666,205.33333333333334,167.5,122.83333333333333,90.33333333333333,220.0,2,0,1,0,1,1,0,0,1,0,1,0.0,17.0,0.0,1.0,5.0,-32.0,-11.0,9.0,87.0,7.0,-6.4,-2.2,1.8,17.4,1.1666666666666667
48,125.0,131.0,137.0,145.0,151.0,160.0,166.0,167.0,167.0,170.0,176.0,183.0,190.0,191.0,186.0,176.0,169.0,168.0,172.0,170.0,164.0,157.0,147.0,139.0,134.0,127.0,113.0,113.0,114.0,114.0,141.5,171.5,180.0,158.16666666666666,119.16666666666667,177.0,214.33333333333334,201.66666666666666,167.83333333333334,97.16666666666667,191.0,3,0,1,2,0,1,0,1,1,0,2,0.0,1.0,4.0,0.0,1.0,-35.0,-17.0,22.0,33.0,20.0,-7.0,-3.4,4.4,6.6,3.3333333333333335
49,130.0,131.0,135.0,142.0,152.0,163.0,170.0,170.0,169.0,166.0,160.0,150.0,142.0,133.0,120.0,110.0,114.0,118.0,126.0,143.0,156.0,162.0,172.0,187.0,202.0,215.0,215.0,215.0,215.0,215.0,142.16666666666666,164.16666666666666,122.83333333333333,157.66666666666666,212.83333333333334,141.5,171.5,180.0,158.16666666666666,119.16666666666667,215.0,5,1,1,0,0,1,0,0,1,0,0,40.0,0.0,0.0,0.0,13.0,-33.0,20.0,24.0,-61.0,-13.0,-6.6,4.0,4.8,-12.2,-2.1666666666666665
50,283.0,276.0,276.0,275.0,277.0,267.0,261.0,253.0,242.0,236.0,233.0,232.0,235.0,240.0,242.0,245.0,250.0,259.0,259.0,250.0,254.0,238.0,228.0,222.0,212.0,196.0,184.0,156.0,140.0,131.0,275.6666666666667,242.83333333333334,245.16666666666666,241.83333333333334,169.83333333333334,142.16666666666666,164.16666666666666,122.83333333333333,157.66666666666666,212.83333333333334,283.0,1,2,0,2,1,0,2,1,0,1,0,2.0,0.0,24.0,4.0,152.0,16.0,29.0,-24.0,37.0,81.0,3.2,5.8,-4.8,7.4,13.5
51,94.0,96.0,103.0,108.0,116.0,125.0,137.0,154.0,175.0,186.0,189.0,177.0,158.0,150.0,151.0,153.0,154.0,156.0,159.0,161.0,165.0,163.0,158.0,153.0,144.0,133.0,122.0,112.0,105.0,98.0,107.0,169.66666666666666,153.66666666666666,159.83333333333334,119.0,275.6666666666667,242.83333333333334,245.16666666666666,241.83333333333334,169.83333333333334,189.0,2,0,1,0,1,0,0,0,1,0,0,0.0,52.0,0.0,6.0,0.0,-31.0,-40.0,2.0,6.0,46.0,-6.2,-8.0,0.4,1.2,7.666666666666667
52,61.0,61.0,61.0,60.0,61.0,65.0,69.0,69.0,67.0,68.0,69.0,68.0,66.0,64.0,62.0,67.0,69.0,74.0,83.0,92.0,98.0,96.0,86.0,77.0,76.0,80.0,81.0,70.0,68.0,63.0,61.5,68.33333333333333,67.0,88.66666666666667,73.0,107.0,169.66666666666666,153.66666666666666,159.83333333333334,119.0,98.0,4,2,2,0,1,1,1,1,1,1,0,9.0,2.0,0.0,15.0,5.0,-4.0,1.0,-8.0,6.0,13.0,-0.8,0.2,-1.6,1.2,2.1666666666666665
53,276.0,273.0,269.0,266.0,260.0,258.0,250.0,244.0,233.0,231.0,220.0,211.0,205.0,196.0,186.0,181.0,176.0,171.0,166.0,154.0,147.0,144.0,139.0,132.0,125.0,120.0,117.0,116.0,117.0,118.0,267.0,231.5,185.83333333333334,147.0,118.83333333333333,61.5,68.33333333333333,67.0,88.66666666666667,73.0,276.0,1,0,0,0,0,0,0,0,0,0,1,0.0,0.0,0.0,0.0,158.0,18.0,39.0,34.0,34.0,7.0,3.6,7.8,6.8,6.8,1.1666666666666667
54,145.0,137.0,57.0,57.0,57.0,57.0,57.0,57.0,57.0,57.0,57.0,57.0,56.0,56.0,54.0,56.0,58.0,60.0,55.0,55.0,56.0,67.0,99.0,99.0,103.0,109.0,117.0,124.0,137.0,148.0,85.0,57.0,56.666666666666664,71.83333333333333,123.0,267.0,231.5,185.83333333333334,147.0,118.83333333333333,99.0,4,0,1,2,1,0,1,1,2,2,0,0.0,0.0,6.0,44.0,0.0,88.0,0.0,-4.0,-44.0,-45.0,17.6,0.0,-0.8,-8.8,-7.5
55,93.0,93.0,93.0,99.0,101.0,104.0,106.0,105.0,106.0,114.0,118.0,125.0,131.0,135.0,138.0,143.0,152.0,160.0,162.0,170.0,177.0,171.0,166.0,165.0,171.0,183.0,182.0,159.0,144.0,130.0,97.16666666666667,112.33333333333333,143.16666666666666,168.5,161.5,85.0,57.0,56.666666666666664,71.83333333333333,123.0,183.0,5,1,0,0,1,1,1,1,0,1,0,13.0,0.0,0.0,15.0,12.0,-11.0,-19.0,-29.0,-3.0,41.0,-2.2,-3.8,-5.8,-0.6,6.833333333333333
56,213.0,215.0,213.0,208.0,239.0,226.0,211.0,192.0,175.0,155.0,138.0,135.0,134.0,138.0,143.0,150.0,142.0,127.0,121.0,109.0,99.0,94.0,81.0,77.0,79.0,59.0,51.0,47.0,40.0,40.0,219.0,167.66666666666666,139.0,96.83333333333333,52.666666666666664,97.16666666666667,112.33333333333333,143.16666666666666,168.5,161.5,239.0,1,2,0,1,1,0,1,1,0,1,1,31.0,0.0,16.0,2.0,0.0,-13.0,76.0,7.0,44.0,39.0,-2.6,15.2,1.4,8.8,6.5
57,180.0,180.0,183.0,185.0,187.0,187.0,185.0,185.0,188.0,191.0,197.0,205.0,210.0,219.0,231.0,241.0,250.0,246.0,244.0,235.0,225.0,216.0,209.0,197.0,183.0,173.0,164.0,156.0,147.0,139.0,183.66666666666666,191.83333333333334,232.83333333333334,221.0,160.33333333333334,219.0,167.66666666666666,139.0,96.83333333333333,52.666666666666664,250.0,3,2,0,1,0,0,2,1,0,0,0,7.0,0.0,40.0,41.0,0.0,-7.0,-20.0,-36.0,47.0,44.0,-1.4,-4.0,-7.2,9.4,7.333333333333333
58,148.0,141.0,135.0,138.0,145.0,154.0,166.0,183.0,210.0,222.0,228.0,236.0,241.0,257.0,267.0,274.0,262.0,248.0,239.0,218.0,222.0,220.0,215.0,206.0,197.0,172.0,151.0,143.0,139.0,132.0,143.5,207.5,258.1666666666667,220.0,155.66666666666666,183.66666666666666,191.83333333333334,232.83333333333334,221.0,160.33333333333334,274.0,3,0,0,1,1,0,1,0,0,1,0,0.0,0.0,33.0,4.0,0.0,-6.0,-70.0,-7.0,33.0,65.0,-1.2,-14.0,-1.4,6.6,10.833333333333334
59,149.0,145.0,144.0,143.0,144.0,139.0,156.0,195.0,211.0,222.0,235.0,243.0,255.0,268.0,276.0,281.0,270.0,257.0,261.0,241.0,244.0,253.0,246.0,259.0,257.0,210.0,179.0,160.0,139.0,120.0,144.0,210.33333333333334,267.8333333333333,250.66666666666666,177.5,143.5,207.5,258.1666666666667,220.0,155.66666666666666,281.0,3,1,0,2,2,0,2,0,1,2,0,1.0,0.0,6.0,18.0,0.0,10.0,-87.0,-2.0,2.0,137.0,2.0,-17.4,-0.4,0.4,22.833333333333332
60,206.0,212.0,217.0,217.0,214.0,209.0,204.0,200.0,194.0,188.0,181.0,179.0,183.0,191.0,194.0,191.0,183.0,176.0,168.0,158.0,143.0,129.0,113.0,108.0,102.0,95.0,96.0,96.0,99.0,107.0,212.5,191.0,186.33333333333334,136.5,99.16666666666667,144.0,210.33333333333334,267.8333333333333,250.66666666666666,177.5,217.0,1,2,0,1,0,1,0,1,0,0,2,11.0,0.0,11.0,0.0,1.0,-3.0,25.0,7.0,60.0,-5.0,-0.6,5.0,1.4,12.0,-0.8333333333333334
61,339.0,338.0,312.0,300.0,300.0,305.0,305.0,299.0,290.0,280.0,266.0,252.0,237.0,217.0,208.0,202.0,193.0,188.0,174.0,146.0,131.0,127.0,128.0,131.0,135.0,135.0,134.0,132.0,130.0,130.0,315.6666666666667,282.0,207.5,139.5,132.66666666666666,212.5,191.0,186.33333333333334,136.5,99.16666666666667,339.0,1,2,0,0,1,1,2,0,0,1,1,5.0,0.0,0.0,8.0,0.0,34.0,53.0,49.0,43.0,5.0,6.8,10.6,9.8,8.6,0.8333333333333334
62,177.0,178.0,175.0,169.0,162.0,157.0,158.0,169.0,173.0,175.0,181.0,187.0,190.0,195.0,203.0,214.0,225.0,240.0,256.0,266.0,275.0,281.0,278.0,270.0,261.0,254.0,244.0,235.0,228.0,212.0,169.66666666666666,173.83333333333334,211.16666666666666,271.0,239.0,315.6666666666667,282.0,207.5,139.5,132.66666666666666,281.0,4,1,0,0,1,0,1,0,0,0,0,1.0,0.0,0.0,25.0,0.0,20.0,-29.0,-50.0,-14.0,49.0,4.0,-5.8,-10.0,-2.8,8.166666666666666
63,90.0,112.0,124.0,132.0,138.0,132.0,125.0,115.0,106.0,104.0,105.0,106.0,107.0,104.0,103.0,108.0,112.0,114.0,107.0,94.0,77.0,69.0,66.0,67.0,69.0,71.0,70.0,73.0,80.0,84.0,121.33333333333333,110.16666666666667,108.0,80.0,74.5,169.66666666666666,173.83333333333334,211.16666666666666,271.0,239.0,138.0,1,1,1,1,0,1,0,1,1,1,1,48.0,3.0,11.0,0.0,2.0,-42.0,19.0,-7.0,40.0,-15.0,-8.4,3.8,-1.4,8.0,-2.5
64,108.0,111.0,111.0,113.0,114.0,110.0,102.0,98.0,93.0,88.0,85.0,84.0,82.0,84.0,85.0,86.0,90.0,93.0,96.0,95.0,90.0,89.0,96.0,107.0,124.0,129.0,128.0,128.0,133.0,141.0,111.16666666666667,91.66666666666667,86.66666666666667,95.5,130.5,121.33333333333333,110.16666666666667,108.0,80.0,74.5,129.0,5,2,0,1,0,1,1,1,0,1,2,6.0,0.0,14.0,0.0,5.0,-2.0,18.0,-11.0,-11.0,-17.0,-0.4,3.6,-2.2,-2.2,-2.8333333333333335
65,268.0,276.0,281.0,281.0,281.0,278.0,272.0,267.0,264.0,261.0,259.0,256.0,246.0,240.0,239.0,230.0,224.0,214.0,204.0,196.0,183.0,172.0,169.0,157.0,140.0,117.0,106.0,102.0,100.0,95.0,277.5,263.1666666666667,232.16666666666666,180.16666666666666,110.0,111.16666666666667,91.66666666666667,86.66666666666667,95.5,130.5,281.0,1,2,0,0,0,0,0,0,0,0,0,13.0,0.0,0.0,0.0,0.0,-10.0,16.0,32.0,47.0,45.0,-2.0,3.2,6.4,9.4,7.5
66,179.0,180.0,184.0,189.0,192.0,197.0,203.0,206.0,208.0,214.0,219.0,227.0,240.0,246.0,250.0,254.0,261.0,264.0,263.0,261.0,260.0,258.0,257.0,255.0,248.0,239.0,234.0,234.0,235.0,233.0,186.83333333333334,212.83333333333334,252.5,259.0,237.16666666666666,277.5,263.1666666666667,232.16666666666666,180.16666666666666,110.0,264.0,3,0,0,1,0,1,0,0,0,0,2,0.0,0.0,24.0,0.0,1.0,-18.0,-24.0,-24.0,8.0,15.0,-3.6,-4.8,-4.8,1.6,2.5
67,215.0,215.0,215.0,214.0,213.0,211.0,209.0,208.0,209.0,213.0,215.0,214.0,213.0,214.0,216.0,219.0,224.0,228.0,227.0,222.0,215.0,210.0,208.0,208.0,208.0,208.0,207.0,207.0,209.0,208.0,213.83333333333334,211.33333333333334,219.0,215.0,207.83333333333334,186.83333333333334,212.83333333333334,252.5,259.0,237.16666666666666,228.0,3,1,1,1,0,2,0,2,0,1,2,0.0,7.0,15.0,0.0,2.0,4.0,-5.0,-15.0,19.0,0.0,0.8,-1.0,-3.0,3.8,0.0
68,225.0,219.0,209.0,197.0,183.0,178.0,177.0,175.0,166.0,161.0,162.0,167.0,169.0,170.0,170.0,166.0,160.0,152.0,143.0,131.0,112.0,95.0,88.0,87.0,91.0,96.0,99.0,105.0,108.0,114.0,201.83333333333334,168.0,164.5,109.33333333333333,102.16666666666667,213.83333333333334,211.33333333333334,219.0,215.0,207.83333333333334,225.0,1,0,0,2,0,0,0,1,0,1,0,0.0,0.0,1.0,0.0,111.0,47.0,10.0,17.0,56.0,-23.0,9.4,2.0,3.4,11.2,-3.8333333333333335
69,212.0,228.0,234.0,238.0,241.0,247.0,251.0,257.0,257.0,234.0,225.0,240.0,262.0,283.0,304.0,310.0,305.0,305.0,303.0,293.0,289.0,299.0,309.0,312.0,328.0,362.0,355.0,341.0,325.0,309.0,233.33333333333334,244.0,294.8333333333333,300.8333333333333,336.6666666666667,201.83333333333334,168.0,164.5,109.33333333333333,102.16666666666667,362.0,5,0,2,2,0,1,0,1,1,1,0,0.0,6.0,43.0,0.0,34.0,-35.0,11.0,-43.0,-9.0,19.0,-7.0,2.2,-8.6,-1.8,3.1666666666666665
70,181.0,175.0,176.0,175.0,170.0,167.0,167.0,165.0,165.0,174.0,180.0,188.0,189.0,186.0,185.0,192.0,199.0,201.0,202.0,181.0,174.0,172.0,169.0,165.0,159.0,152.0,146.0,141.0,131.0,132.0,174.0,173.16666666666666,192.0,177.16666666666666,143.5,,,,,,202.0,4,2,1,1,0,0,2,2,1,0,1,0.0,24.0,17.0,0.0,49.0,14.0,-21.0,-12.0,37.0,27.0,2.8,-4.2,-2.4,7.4,4.5
71,159.0,157.0,157.0,160.0,165.0,168.0,169.0,171.0,172.0,175.0,184.0,191.0,196.0,200.0,207.0,217.0,222.0,213.0,208.0,196.0,186.0,176.0,159.0,145.0,123.0,123.0,124.0,124.0,116.0,110.0,161.0,177.0,209.16666666666666,178.33333333333334,120.0,174.0,173.16666666666666,192.0,177.16666666666666,143.5,222.0,3,0,0,1,0,2,2,0,0,1,1,0.0,0.0,26.0,0.0,1.0,-9.0,-22.0,-17.0,63.0,13.0,-1.8,-4.4,-3.4,12.6,2.1666666666666665
72,144.0,154.0,162.0,171.0,182.0,194.0,203.0,205.0,205.0,206.0,205.0,203.0,202.0,203.0,204.0,198.0,191.0,190.0,192.0,194.0,196.0,196.0,196.0,194.0,187.0,169.0,166.0,162.0,158.0,154.0,167.83333333333334,204.5,198.0,194.66666666666666,166.0,161.0,177.0,209.16666666666666,178.33333333333334,120.0,206.0,2,0,2,1,2,0,0,2,1,0,0,0.0,3.0,2.0,4.0,0.0,-50.0,0.0,12.0,-2.0,33.0,-10.0,0.0,2.4,-0.4,5.5
73,136.0,135.0,135.0,136.0,136.0,135.0,134.0,136.0,140.0,142.0,142.0,139.0,138.0,141.0,150.0,163.0,170.0,172.0,151.0,139.0,135.0,135.0,134.0,132.0,129.0,126.0,126.0,126.0,126.0,127.0,135.5,138.83333333333334,155.66666666666666,137.66666666666666,126.66666666666667,167.83333333333334,204.5,198.0,194.66666666666666,166.0,172.0,3,2,2,1,1,0,3,1,0,1,2,1.0,8.0,34.0,0.0,0.0,1.0,-5.0,-34.0,19.0,2.0,0.2,-1.0,-6.8,3.8,0.3333333333333333
74,207.0,205.0,206.0,202.0,195.0,180.0,185.0,201.0,212.0,215.0,201.0,200.5,200.0,205.0,204.0,190.0,197.0,199.0,197.0,191.0,188.0,197.0,208.0,201.0,179.0,172.0,168.0,154.0,149.0,149.0,199.16666666666666,202.41666666666666,199.16666666666666,197.0,161.83333333333334,135.5,138.83333333333334,155.66666666666666,137.66666666666666,126.66666666666667,215.0,2,1,1,2,1,0,2,1,1,1,1,1.0,30.0,9.0,20.0,0.0,27.0,-15.5,1.0,-4.0,30.0,5.4,-3.1,0.2,-0.8,5.0
75,172.0,177.0,181.0,189.0,190.0,185.0,176.0,161.0,151.0,144.0,146.0,153.0,161.0,170.0,175.0,173.0,163.0,165.0,172.0,179.0,183.0,185.0,185.0,187.0,192.0,193.0,189.0,196.0,202.0,204.0,182.33333333333334,155.16666666666666,167.83333333333334,181.83333333333334,196.0,199.16666666666666,202.41666666666666,199.16666666666666,197.0,161.83333333333334,193.0,5,1,0,1,1,1,0,1,1,1,1,18.0,0.0,14.0,13.0,1.0,-13.0,23.0,-4.0,-15.0,-12.0,-2.6,4.6,-0.8,-3.0,-2.0
76,91.0,95.0,101.0,106.0,110.0,120.0,125.0,127.0,128.0,126.0,132.0,142.0,154.0,173.0,182.0,188.0,173.0,162.0,151.0,148.0,159.0,174.0,180.0,181.0,176.0,174.0,176.0,178.0,178.0,180.0,103.83333333333333,130.0,172.0,165.5,177.0,182.33333333333334,155.16666666666666,167.83333333333334,181.83333333333334,196.0,188.0,3,0,1,1,1,1,0,1,0,1,2,0.0,3.0,34.0,33.0,4.0,-29.0,-17.0,-8.0,-30.0,-4.0,-5.8,-3.4,-1.6,-6.0,-0.6666666666666666
77,172.0,172.0,172.0,172.0,172.0,171.0,174.0,181.0,184.0,189.0,168.0,159.0,158.0,154.0,154.0,153.0,149.0,147.0,147.0,149.0,152.0,154.0,158.0,160.0,165.0,171.0,175.0,168.0,160.0,143.0,171.83333333333334,175.83333333333334,152.5,153.33333333333334,163.66666666666666,103.83333333333333,130.0,172.0,165.5,177.0,189.0,2,1,1,1,0,1,1,0,3,0,0,0.0,15.0,0.0,0.0,10.0,1.0,15.0,11.0,-13.0,22.0,0.2,3.0,2.2,-2.6,3.6666666666666665
78,78.0,74.0,69.0,64.0,60.0,59.0,61.0,67.0,70.0,69.0,67.0,71.0,78.0,88.0,97.0,100.0,100.0,104.0,108.0,111.0,115.0,118.0,127.0,130.0,134.0,135.0,136.0,137.0,139.0,139.0,67.33333333333333,67.5,94.5,118.16666666666667,136.66666666666666,171.83333333333334,175.83333333333334,152.5,153.33333333333334,163.66666666666666,139.0,5,0,1,1,0,1,1,1,1,0,0,0.0,9.0,22.0,0.0,5.0,19.0,-10.0,-26.0,-22.0,-5.0,3.8,-2.0,-5.2,-4.4,-0.8333333333333334
79,74.0,82.0,89.0,93.0,93.0,91.0,90.0,91.0,95.0,100.0,107.0,116.0,128.0,137.0,144.0,152.0,152.0,154.0,140.0,126.0,117.0,112.0,109.0,108.0,128.0,129.0,129.0,124.0,122.0,123.0,87.0,99.83333333333333,144.5,118.66666666666667,125.83333333333333,67.33333333333333,67.5,94.5,118.16666666666667,136.66666666666666,154.0,3,2,0,2,0,2,1,0,1,1,1,19.0,0.0,26.0,0.0,1.0,-17.0,-26.0,-26.0,32.0,5.0,-3.4,-5.2,-5.2,6.4,0.8333333333333334
80,199.0,210.0,216.0,222.0,228.0,230.0,234.0,238.0,237.0,240.0,240.0,241.0,241.0,244.0,249.0,250.0,247.0,250.0,265.0,279.0,283.0,281.0,265.0,261.0,260.0,257.0,249.0,243.0,244.0,249.0,217.5,238.33333333333334,246.83333333333334,272.3333333333333,250.33333333333334,87.0,99.83333333333333,144.5,118.66666666666667,125.83333333333333,283.0,4,0,3,1,1,0,0,3,1,0,1,0.0,7.0,9.0,18.0,0.0,-31.0,-7.0,-9.0,4.0,11.0,-6.2,-1.4,-1.8,0.8,1.8333333333333333
81,119.0,119.0,120.0,120.0,120.0,125.0,135.0,145.0,147.0,146.0,147.0,153.0,158.0,159.0,161.0,162.0,169.0,157.0,143.0,134.0,131.0,133.0,138.0,152.0,157.0,163.0,165.0,181.0,185.0,191.0,120.5,145.5,161.0,138.5,173.66666666666666,217.5,238.33333333333334,246.83333333333334,272.3333333333333,250.33333333333334,169.0,3,1,1,1,0,0,2,1,0,1,0,1.0,12.0,11.0,0.0,0.0,-6.0,-18.0,1.0,-9.0,-34.0,-1.2,-3.6,0.2,-1.8,-5.666666666666667
82,132.0,132.0,132.0,137.0,139.0,149.0,157.0,164.0,171.0,178.0,186.0,199.0,216.0,233.0,246.0,250.0,248.0,230.0,213.0,205.0,202.0,204.0,210.0,216.0,217.0,212.0,210.0,203.0,193.0,183.0,136.83333333333334,175.83333333333334,237.16666666666666,208.33333333333334,203.0,120.5,145.5,161.0,138.5,173.66666666666666,250.0,3,0,0,1,1,0,1,0,0,1,0,0.0,0.0,34.0,15.0,0.0,-17.0,-42.0,-14.0,-3.0,34.0,-3.4,-8.4,-2.8,-0.6,5.666666666666667
83,309.0,309.0,309.0,309.0,309.0,309.0,309.0,309.0,309.0,309.0,309.0,309.0,309.0,309.0,319.0,324.0,317.0,286.0,274.0,266.0,266.0,284.0,295.0,300.0,308.0,314.0,320.0,326.0,330.0,332.0,309.0,309.0,310.6666666666667,280.8333333333333,321.6666666666667,136.83333333333334,175.83333333333334,237.16666666666666,208.33333333333334,203.0,324.0,3,0,0,1,0,0,0,0,1,2,0,0.0,0.0,15.0,0.0,0.0,0.0,0.0,23.0,-26.0,-24.0,0.0,0.0,4.6,-5.2,-4.0
84,135.0,134.0,129.0,134.0,140.0,144.0,152.0,164.0,171.0,173.0,174.0,175.0,177.0,179.0,180.0,180.0,177.0,172.0,169.0,166.0,167.0,170.0,174.0,175.0,177.0,176.0,176.0,178.0,180.0,182.0,136.0,168.16666666666666,177.5,170.16666666666666,178.16666666666666,309.0,309.0,310.6666666666667,280.8333333333333,321.6666666666667,180.0,3,0,0,2,1,0,1,0,0,1,2,0.0,0.0,3.0,11.0,0.0,-9.0,-23.0,5.0,-6.0,-5.0,-1.8,-4.6,1.0,-1.2,-0.8333333333333334
85,130.0,132.0,137.0,140.0,151.0,158.0,164.0,173.0,191.0,199.0,200.0,202.0,205.0,208.0,204.0,198.0,195.0,192.0,191.0,191.0,197.0,205.0,216.0,217.0,212.0,209.0,212.0,215.0,221.0,232.0,141.33333333333334,188.16666666666666,200.33333333333334,202.83333333333334,216.83333333333334,136.0,168.16666666666666,177.5,170.16666666666666,178.16666666666666,217.0,4,0,0,1,1,0,0,0,1,1,1,0.0,0.0,3.0,26.0,0.0,-28.0,-38.0,13.0,-26.0,-20.0,-5.6,-7.6,2.6,-5.2,-3.3333333333333335
86,90.0,90.0,87.0,84.0,83.0,86.0,89.0,88.0,84.0,86.0,94.0,98.0,106.0,109.0,107.0,100.0,98.0,98.0,100.0,98.0,95.0,95.0,94.0,107.0,113.0,114.0,115.0,119.0,123.0,125.0,86.66666666666667,89.83333333333333,103.0,98.16666666666667,118.16666666666667,141.33333333333334,188.16666666666666,200.33333333333334,202.83333333333334,216.83333333333334,109.0,3,2,0,2,1,0,1,1,2,2,0,6.0,0.0,2.0,0.0,0.0,4.0,-9.0,8.0,-7.0,-12.0,0.8,-1.8,1.6,-1.4,-2.0
87,215.0,215.0,215.0,215.0,215.0,215.0,215.0,215.0,215.0,215.0,215.0,215.0,215.0,215.0,215.0,215.0,215.0,215.0,215.0,215.0,215.0,215.0,200.0,192.0,178.0,166.0,167.0,157.0,150.0,133.0,215.0,215.0,215.0,208.66666666666666,158.5,86.66666666666667,89.83333333333333,103.0,98.16666666666667,118.16666666666667,215.0,1,0,0,0,1,1,0,0,0,0,1,0.0,0.0,0.0,0.0,1.0,0.0,0.0,0.0,23.0,45.0,0.0,0.0,0.0,4.6,7.5
88,93.0,81.0,65.0,53.0,48.0,47.0,49.0,73.0,76.0,82.0,88.0,97.0,117.0,134.0,156.0,184.0,217.0,241.0,255.0,283.0,302.0,304.0,307.0,304.0,306.0,298.0,288.0,280.0,272.0,265.0,64.5,77.5,174.83333333333334,292.5,284.8333333333333,215.0,215.0,215.0,208.66666666666666,158.5,307.0,4,0,0,0,2,0,1,0,0,1,0,0.0,0.0,0.0,51.0,0.0,46.0,-48.0,-124.0,-49.0,41.0,9.2,-9.6,-24.8,-9.8,6.833333333333333
89,124.0,125.0,139.0,141.0,146.0,153.0,158.0,163.0,172.0,180.0,192.0,202.0,215.0,232.0,244.0,251.0,254.0,255.0,248.0,235.0,228.0,228.0,228.0,228.0,228.0,228.0,231.0,231.0,236.0,238.0,138.0,177.83333333333334,241.83333333333334,232.5,232.0,64.5,77.5,174.83333333333334,292.5,284.8333333333333,255.0,3,0,0,1,0,1,0,0,0,1,2,0.0,0.0,40.0,0.0,3.0,-29.0,-44.0,-40.0,20.0,-10.0,-5.8,-8.8,-8.0,4.0,-1.6666666666666667
90,113.0,109.0,105.0,110.0,119.0,123.0,123.0,124.0,128.0,128.0,131.0,130.0,121.0,117.0,94.0,83.0,77.0,82.0,96.0,110.0,114.0,113.0,113.0,111.0,106.0,107.0,102.0,101.0,108.0,116.0,113.16666666666667,127.33333333333333,95.66666666666667,109.5,106.66666666666667,138.0,177.83333333333334,241.83333333333334,232.5,232.0,131.0,2,1,2,0,2,1,2,1,1,2,1,18.0,8.0,0.0,17.0,1.0,-10.0,-7.0,39.0,-15.0,-10.0,-2.0,-1.4,7.8,-3.0,-1.6666666666666667
91,160.0,161.0,157.0,155.0,152.0,149.0,140.0,130.0,123.0,120.0,126.0,132.0,135.0,134.0,134.0,135.0,142.0,146.0,145.0,136.0,121.0,115.0,113.0,112.0,108.0,102.0,97.0,95.0,96.0,97.0,155.66666666666666,128.5,137.66666666666666,123.66666666666667,99.16666666666667,113.16666666666667,127.33333333333333,95.66666666666667,109.5,106.66666666666667,161.0,1,1,1,1,0,0,0,1,2,0,1,1.0,15.0,12.0,0.0,0.0,11.0,8.0,-11.0,33.0,11.0,2.2,1.6,-2.2,6.6,1.8333333333333333
92,83.0,80.0,77.0,77.0,86.0,94.0,102.0,109.0,112.0,117.0,122.0,120.0,111.0,147.0,165.0,172.0,173.0,159.0,149.0,140.0,135.0,143.0,154.0,168.0,202.0,215.0,226.0,229.0,230.0,232.0,82.83333333333333,113.66666666666667,154.5,148.16666666666666,222.33333333333334,155.66666666666666,128.5,137.66666666666666,123.66666666666667,99.16666666666667,173.0,3,0,1,1,0,0,2,1,0,1,0,0.0,20.0,62.0,0.0,0.0,-11.0,-18.0,-48.0,-19.0,-30.0,-2.2,-3.6,-9.6,-3.8,-5.0
93,84.0,81.0,79.0,77.0,76.0,77.0,80.0,86.0,90.0,94.0,100.0,104.0,107.0,112.0,112.0,113.0,103.0,93.0,89.0,86.0,84.0,84.0,85.0,88.0,91.0,91.0,88.0,84.0,82.0,81.0,79.0,92.33333333333333,106.66666666666667,86.0,86.16666666666667,82.83333333333333,113.66666666666667,154.5,148.16666666666666,222.33333333333334,113.0,3,0,0,2,1,1,1,0,1,2,0,0.0,0.0,6.0,7.0,0.0,7.0,-24.0,14.0,1.0,10.0,1.4,-4.8,2.8,0.2,1.6666666666666667
94,173.0,172.0,179.0,188.0,194.0,199.0,202.0,202.0,200.0,202.0,206.0,209.0,206.0,205.0,191.0,179.0,174.0,170.0,168.0,168.0,168.0,176.0,184.0,189.0,198.0,203.0,203.0,200.0,193.0,187.0,184.16666666666666,203.5,187.5,175.5,197.33333333333334,79.0,92.33333333333333,106.66666666666667,86.0,86.16666666666667,209.0,2,1,2,0,0,2,1,1,1,1,0,30.0,9.0,0.0,0.0,5.0,-26.0,-7.0,36.0,-21.0,11.0,-5.2,-1.4,7.2,-4.2,1.8333333333333333
95,112.0,115.0,120.0,128.0,132.0,131.0,137.0,141.0,149.0,159.0,172.0,191.0,204.0,214.0,218.0,213.0,202.0,189.0,185.0,190.0,193.0,195.0,199.0,200.0,193.0,193.0,193.0,193.0,193.0,193.0,123.0,158.16666666666666,206.66666666666666,193.66666666666666,193.0,184.16666666666666,203.5,187.5,175.5,197.33333333333334,218.0,3,1,0,1,1,0,1,0,1,1,0,20.0,0.0,14.0,15.0,0.0,-19.0,-54.0,15.0,-15.0,0.0,-3.8,-10.8,3.0,-3.0,0.0
96,247.0,247.0,247.0,247.0,247.0,247.0,247.0,247.0,247.0,247.0,247.0,247.0,247.0,247.0,237.0,245.0,248.0,250.0,253.0,250.0,239.0,231.0,227.0,212.0,212.0,212.0,212.0,212.0,212.0,212.0,247.0,247.0,245.66666666666666,235.33333333333334,212.0,123.0,158.16666666666666,206.66666666666666,193.66666666666666,193.0,253.0,4,0,0,2,0,0,0,0,1,1,0,0.0,0.0,16.0,35.0,0.0,0.0,0.0,-3.0,41.0,0.0,0.0,0.0,-0.6,8.2,0.0
97,95.0,90.0,93.0,94.0,96.0,104.0,116.0,128.0,140.0,145.0,143.0,147.0,148.0,149.0,153.0,156.0,156.0,162.0,175.0,181.0,186.0,191.0,195.0,204.0,217.0,219.0,226.0,217.0,219.0,216.0,95.33333333333333,136.5,154.0,188.66666666666666,219.0,247.0,247.0,245.66666666666666,235.33333333333334,212.0,226.0,5,0,1,1,0,2,1,1,1,0,1,0.0,29.0,8.0,0.0,2.0,-9.0,-31.0,-14.0,-29.0,1.0,-1.8,-6.2,-2.8,-5.8,0.16666666666666666
98,76.0,72.0,71.0,73.0,81.0,89.0,91.0,92.0,95.0,99.0,111.0,124.0,132.0,136.0,139.0,144.0,143.0,139.0,129.0,121.0,115.0,111.0,113.0,115.0,116.0,123.0,129.0,135.0,146.0,161.0,77.0,102.0,138.83333333333334,117.33333333333333,135.0,95.33333333333333,136.5,154.0,188.66666666666666,219.0,144.0,3,0,0,1,0,0,1,0,0,1,0,0.0,0.0,12.0,0.0,0.0,-13.0,-33.0,-7.0,14.0,-45.0,-2.6,-6.6,-1.4,2.8,-7.5
99,244.0,244.0,242.0,241.0,235.0,230.0,224.0,217.0,212.0,205.0,201.0,200.0,203.0,198.0,193.0,190.0,184.0,174.0,168.0,162.0,157.0,151.0,145.0,138.0,134.0,126.0,119.0,115.0,107.0,101.0,239.33333333333334,209.83333333333334,190.33333333333334,153.5,117.0,77.0,102.0,138.83333333333334,117.33333333333333,135.0,244.0,1,1,1,0,0,0,0,1,0,0,0,0.0,3.0,143.0,0.0,0.0,14.0,24.0,29.0,30.0,33.0,2.8,4.8,5.8,6.0,5.5
100,128.0,139.0,149.0,148.0,155.0,155.0,155.0,155.0,155.0,155.0,162.0,165.0,169.0,173.0,179.0,181.0,172.0,160.0,136.0,123.0,117.0,115.0,113.0,107.0,100.0,96.0,93.0,90.0,89.0,89.0,145.66666666666666,157.83333333333334,172.33333333333334,118.5,92.83333333333333,239.33333333333334,209.83333333333334,190.33333333333334,153.5,117.0,181.0,3,2,0,1,0,0,1,1,0,0,1,27.0,0.0,12.0,0.0,0.0,-27.0,-10.0,9.0,29.0,11.0,-5.4,-2.0,1.8,5.8,1.8333333333333333
101,195.0,190.0,184.0,180.0,175.0,161.0,157.0,158.0,138.0,123.0,143.0,167.0,174.0,175.0,183.0,190.0,195.0,199.0,206.0,213.0,214.0,216.0,219.0,205.0,187.0,173.0,188.0,195.0,198.0,199.0,180.83333333333334,147.66666666666666,186.0,212.16666666666666,190.0,145.66666666666666,157.83333333333334,172.33333333333334,118.5,92.83333333333333,219.0,4,0,1,0,1,0,1,1,0,0,1,0.0,1.0,0.0,13.0,0.0,34.0,-10.0,-25.0,1.0,-12.0,6.8,-2.0,-5.0,0.2,-2.0
102,81.0,80.0,84.0,89.0,93.0,95.0,89.0,87.0,97.0,106.0,114.0,127.0,140.0,155.0,162.0,150.0,145.0,119.0,93.0,85.0,84.0,88.0,90.0,92.0,92.0,90.0,90.0,95.0,101.0,100.0,87.0,103.33333333333333,145.16666666666666,88.66666666666667,94.66666666666667,180.83333333333334,147.66666666666666,186.0,212.16666666666666,190.0,162.0,3,1,0,1,2,1,1,1,0,1,2,15.0,0.0,22.0,8.0,11.0,-14.0,-38.0,21.0,1.0,-8.0,-2.8,-7.6,4.2,0.2,-1.3333333333333333
103,199.0,196.0,193.0,193.0,195.0,203.0,213.0,223.0,225.0,223.0,214.0,201.0,192.0,189.0,191.0,196.0,198.0,195.0,183.0,158.0,144.0,137.0,134.0,133.0,132.0,131.0,140.0,172.0,179.0,185.0,196.5,216.5,193.5,148.16666666666666,156.5,87.0,103.33333333333333,145.16666666666666,88.66666666666667,94.66666666666667,225.0,2,0,1,1,0,0,2,0,1,0,1,0.0,12.0,9.0,0.0,14.0,-4.0,12.0,-3.0,50.0,-53.0,-0.8,2.4,-0.6,10.0,-8.833333333333334
104,92.0,85.0,76.0,68.0,70.0,74.0,80.0,88.0,95.0,94.0,109.0,132.0,148.0,161.0,166.0,166.0,149.0,130.0,93.0,77.0,72.0,71.0,75.0,76.0,77.0,82.0,83.0,79.0,84.0,86.0,77.5,99.66666666666667,153.33333333333334,77.33333333333333,81.83333333333333,196.5,216.5,193.5,148.16666666666666,156.5,166.0,3,0,1,2,0,1,1,1,0,1,1,0.0,15.0,18.0,0.0,6.0,18.0,-52.0,18.0,17.0,-9.0,3.6,-10.4,3.6,3.4,-1.5
105,155.0,147.0,141.0,146.0,152.0,161.0,168.0,171.0,173.0,182.0,189.0,201.0,205.0,203.0,203.0,169.0,150.0,143.0,142.0,149.0,156.0,160.0,165.0,167.0,166.0,161.0,163.0,158.0,150.0,142.0,150.33333333333334,180.66666666666666,178.83333333333334,156.5,156.66666666666666,77.5,99.66666666666667,153.33333333333334,77.33333333333333,81.83333333333333,205.0,3,0,1,1,1,1,1,0,2,0,1,0.0,37.0,0.0,25.0,2.0,-6.0,-33.0,62.0,-25.0,24.0,-1.2,-6.6,12.4,-5.0,4.0
106,97.0,99.0,94.0,91.0,90.0,86.0,80.0,79.0,85.0,91.0,93.0,104.0,117.0,120.0,119.0,118.0,120.0,129.0,132.0,131.0,130.0,130.0,135.0,140.0,143.0,142.0,140.0,139.0,136.0,136.0,92.83333333333333,88.66666666666667,120.5,133.0,139.33333333333334,150.33333333333334,180.66666666666666,178.83333333333334,156.5,156.66666666666666,143.0,5,1,0,2,1,0,0,1,1,2,1,2.0,0.0,15.0,13.0,0.0,11.0,-24.0,-12.0,-8.0,7.0,2.2,-4.8,-2.4,-1.6,1.1666666666666667
107,150.0,157.0,155.0,161.0,164.0,176.0,185.0,190.0,198.0,207.0,219.0,226.0,235.0,239.0,232.0,221.0,194.0,179.0,169.0,173.0,177.0,187.0,195.0,195.0,196.0,202.0,204.0,214.0,220.0,217.0,160.5,204.16666666666666,216.66666666666666,182.66666666666666,208.83333333333334,92.83333333333333,88.66666666666667,120.5,133.0,139.33333333333334,239.0,3,1,0,1,1,1,1,0,1,1,0,7.0,0.0,4.0,26.0,24.0,-26.0,-41.0,56.0,-26.0,-21.0,-5.2,-8.2,11.2,-5.2,-3.5
108,160.0,149.0,139.0,134.0,131.0,132.0,134.0,138.0,136.0,129.0,131.0,139.0,147.0,161.0,169.0,174.0,182.0,179.0,169.0,161.0,150.0,145.0,150.0,151.0,157.0,161.0,162.0,158.0,155.0,152.0,140.83333333333334,134.5,168.66666666666666,154.33333333333334,157.5,160.5,204.16666666666666,216.66666666666666,182.66666666666666,208.83333333333334,182.0,3,0,1,1,0,1,1,1,0,1,0,0.0,4.0,35.0,0.0,5.0,28.0,-5.0,-32.0,18.0,5.0,5.6,-1.0,-6.4,3.6,0.8333333333333334
109,141.0,137.0,133.0,132.0,132.0,136.0,140.0,141.0,138.0,139.0,137.0,141.0,145.0,145.0,149.0,157.0,170.0,180.0,187.0,188.0,176.0,167.0,161.0,159.0,166.0,169.0,169.0,170.0,172.0,175.0,135.16666666666666,139.33333333333334,157.66666666666666,173.0,170.16666666666666,140.83333333333334,134.5,168.66666666666666,154.33333333333334,157.5,188.0,4,0,3,0,1,1,2,2,1,1,1,0.0,8.0,0.0,1.0,3.0,5.0,-1.0,-35.0,28.0,-9.0,1.0,-0.2,-7.0,5.6,-1.5
110,192.0,195.0,202.0,205.0,210.0,223.0,229.0,225.0,219.0,204.0,192.0,185.0,183.0,177.0,169.0,166.0,146.0,136.0,149.0,154.0,154.0,187.0,208.0,213.0,202.0,181.0,189.0,199.0,201.0,195.0,204.5,209.0,162.83333333333334,177.5,194.5,135.16666666666666,139.33333333333334,157.66666666666666,173.0,170.16666666666666,229.0,2,1,0,0,2,1,0,0,1,1,1,37.0,0.0,0.0,64.0,20.0,-31.0,44.0,47.0,-64.0,7.0,-6.2,8.8,9.4,-12.8,1.1666666666666667
111,133.0,152.0,157.0,157.0,159.0,158.0,155.0,149.0,155.0,181.0,189.0,195.0,203.0,206.0,206.0,213.0,224.0,217.0,194.0,190.0,188.0,188.0,190.0,203.0,214.0,213.0,216.0,209.0,203.0,205.0,152.66666666666666,170.66666666666666,211.5,192.16666666666666,210.0,204.5,209.0,162.83333333333334,177.5,194.5,224.0,3,2,0,2,1,1,1,1,1,2,2,26.0,0.0,21.0,26.0,3.0,-25.0,-40.0,-14.0,-9.0,9.0,-5.0,-8.0,-2.8,-1.8,1.5
112,116.0,123.0,130.0,132.0,133.0,130.0,139.0,146.0,150.0,157.0,164.0,171.0,176.0,185.0,183.0,179.0,172.0,158.0,133.0,126.0,125.0,129.0,136.0,140.0,147.0,149.0,152.0,141.0,138.0,142.0,127.33333333333333,154.5,175.5,131.5,144.83333333333334,152.66666666666666,170.66666666666666,211.5,192.16666666666666,210.0,185.0,3,1,0,1,0,1,1,0,0,1,1,17.0,0.0,9.0,0.0,5.0,-14.0,-32.0,18.0,-7.0,5.0,-2.8,-6.4,3.6,-1.4,0.8333333333333334
113,137.0,136.0,137.0,137.0,137.0,135.0,131.0,123.0,122.0,128.0,135.0,143.0,158.0,169.0,179.0,182.0,180.0,168.0,145.0,128.0,123.0,123.0,126.0,134.0,150.0,148.0,149.0,149.0,150.0,152.0,136.5,130.33333333333334,172.66666666666666,129.83333333333334,149.66666666666666,127.33333333333333,154.5,175.5,131.5,144.83333333333334,182.0,3,2,0,1,1,1,1,1,0,2,2,1.0,0.0,24.0,27.0,1.0,2.0,-12.0,-10.0,11.0,-2.0,0.4,-2.4,-2.0,2.2,-0.3333333333333333
114,127.0,127.0,128.0,130.0,134.0,139.0,145.0,150.0,156.0,162.0,169.0,178.0,184.0,182.0,173.0,166.0,152.0,125.0,113.0,110.0,113.0,115.0,115.0,114.0,110.0,110.0,111.0,112.0,114.0,117.0,130.83333333333334,160.0,163.66666666666666,113.33333333333333,112.33333333333333,136.5,130.33333333333334,172.66666666666666,129.83333333333334,149.66666666666666,184.0,3,0,1,0,2,0,1,0,0,2,1,0.0,39.0,0.0,5.0,10.0,-12.0,-33.0,59.0,-1.0,-7.0,-2.4,-6.6,11.8,-0.2,-1.1666666666666667
115,164.0,162.0,161.0,159.0,158.0,158.0,156.0,153.0,151.0,154.0,161.0,170.0,180.0,189.0,197.0,199.0,196.0,206.0,217.0,236.0,249.0,261.0,269.0,279.0,279.0,279.0,279.0,279.0,279.0,279.0,160.33333333333334,157.5,194.5,251.83333333333334,279.0,130.83333333333334,160.0,163.66666666666666,113.33333333333333,112.33333333333333,279.0,4,1,0,1,1,0,1,1,1,0,0,0.0,0.0,19.0,62.0,0.0,6.0,-14.0,-26.0,-62.0,0.0,1.2,-2.8,-5.2,-12.4,0.0
116,154.0,154.0,148.0,138.0,131.0,126.0,122.0,127.0,137.0,143.0,154.0,174.0,193.0,203.0,210.0,218.0,225.0,228.0,224.0,215.0,206.0,210.0,230.0,245.0,251.0,244.0,235.0,229.0,217.0,166.0,141.83333333333334,142.83333333333334,212.83333333333334,221.66666666666666,223.66666666666666,160.33333333333334,157.5,194.5,251.83333333333334,279.0,251.0,5,1,0,1,1,0,1,0,0,1,0,0.0,0.0,35.0,45.0,0.0,28.0,-52.0,-35.0,-21.0,85.0,5.6,-10.4,-7.0,-4.2,14.166666666666666
117,124.0,117.0,114.0,93.0,82.0,73.0,75.0,81.0,88.0,93.0,104.0,114.0,125.0,143.0,164.0,172.0,174.0,158.0,151.0,152.0,159.0,165.0,165.0,160.0,152.0,150.0,154.0,156.0,155.0,153.0,100.5,92.5,156.0,158.66666666666666,153.33333333333334,141.83333333333334,142.83333333333334,212.83333333333334,221.66666666666666,223.66666666666666,174.0,3,0,0,1,2,1,1,0,1,0,1,0.0,0.0,49.0,14.0,6.0,51.0,-39.0,-33.0,-9.0,-1.0,10.2,-7.8,-6.6,-1.8,-0.16666666666666666
118,149.0,153.0,162.0,165.0,168.0,167.0,161.0,152.0,149.0,158.0,162.0,167.0,167.0,168.0,174.0,180.0,186.0,186.0,179.0,169.0,164.0,166.0,172.0,177.0,175.0,173.0,168.0,169.0,179.0,191.0,160.66666666666666,158.16666666666666,176.83333333333334,171.16666666666666,175.83333333333334,100.5,92.5,156.0,158.66666666666666,153.33333333333334,186.0,3,1,1,2,1,0,0,2,0,1,1,19.0,18.0,19.0,13.0,0.0,-18.0,-6.0,-19.0,2.0,-16.0,-3.6,-1.2,-3.8,0.4,-2.6666666666666665
119,224.0,235.0,242.0,249.0,255.0,259.0,265.0,275.0,284.0,284.0,279.0,275.0,286.0,301.0,303.0,301.0,298.0,298.0,292.0,297.0,304.0,309.0,317.0,326.0,320.0,316.0,302.0,283.0,277.0,283.0,244.0,277.0,297.8333333333333,307.5,296.8333333333333,160.66666666666666,158.16666666666666,176.83333333333334,171.16666666666666,175.83333333333334,326.0,4,0,2,2,1,0,0,1,2,0,1,0.0,19.0,12.0,34.0,0.0,-35.0,-10.0,-12.0,-34.0,37.0,-7.0,-2.0,-2.4,-6.8,6.166666666666667
120,156.0,156.0,154.0,151.0,150.0,154.0,157.0,161.0,165.0,169.0,165.0,158.0,149.0,145.0,143.0,146.0,136.0,124.0,90.0,76.0,72.0,73.0,75.0,78.0,78.0,79.0,80.0,81.0,81.0,80.0,153.5,162.5,140.5,77.33333333333333,79.83333333333333,244.0,277.0,297.8333333333333,307.5,296.8333333333333,169.0,2,1,1,1,1,2,1,0,1,2,0,0.0,12.0,3.0,6.0,3.0,2.0,-1.0,25.0,12.0,-2.0,0.4,-0.2,5.0,2.4,-0.3333333333333333
121,96.0,102.0,108.0,113.0,118.0,125.0,130.0,137.0,152.0,156.0,158.0,170.0,180.0,183.0,178.0,174.0,164.0,148.0,130.0,125.0,125.0,127.0,128.0,129.0,134.0,137.0,139.0,141.0,142.0,144.0,110.33333333333333,150.5,171.16666666666666,127.33333333333333,139.5,153.5,162.5,140.5,77.33333333333333,79.83333333333333,183.0,3,0,0,1,0,0,0,0,0,2,0,0.0,0.0,3.0,0.0,0.0,-29.0,-40.0,32.0,1.0,-10.0,-5.8,-8.0,6.4,0.2,-1.6666666666666667
122,161.0,167.0,176.0,183.0,192.0,200.0,207.0,208.0,207.0,209.0,215.0,224.0,236.0,256.0,272.0,284.0,289.0,280.0,268.0,244.0,233.0,230.0,233.0,235.0,233.0,229.0,229.0,227.0,226.0,226.0,179.83333333333334,211.66666666666666,269.5,240.5,228.33333333333334,110.33333333333333,150.5,171.16666666666666,127.33333333333333,139.5,289.0,3,0,1,1,1,1,0,1,0,1,2,0.0,1.0,53.0,5.0,0.0,-39.0,-17.0,-44.0,33.0,7.0,-7.8,-3.4,-8.8,6.6,1.1666666666666667
123,168.0,173.0,174.0,169.0,164.0,161.0,163.0,167.0,171.0,174.0,175.0,170.0,168.0,159.0,149.0,137.0,125.0,108.0,99.0,95.0,96.0,98.0,101.0,102.0,103.0,104.0,105.0,107.0,109.0,110.0,168.16666666666666,170.0,141.0,98.5,106.33333333333333,179.83333333333334,211.66666666666666,269.5,240.5,228.33333333333334,175.0,2,1,1,0,0,0,1,0,0,1,0,6.0,12.0,0.0,0.0,0.0,7.0,-7.0,60.0,-3.0,-7.0,1.4,-1.4,12.0,-0.6,-1.1666666666666667
124,217.0,213.0,201.0,194.0,193.0,194.0,193.0,195.0,185.0,175.0,170.0,169.0,167.0,165.0,160.0,155.0,148.0,140.0,133.0,129.0,128.0,130.0,133.0,134.0,132.0,129.0,127.0,127.0,127.0,127.0,202.0,181.16666666666666,155.83333333333334,131.16666666666666,128.16666666666666,168.16666666666666,170.0,141.0,98.5,106.33333333333333,217.0,1,1,1,0,1,0,2,0,0,1,1,1.0,2.0,0.0,6.0,0.0,23.0,24.0,27.0,-1.0,5.0,4.6,4.8,5.4,-0.2,0.8333333333333334
125,122.0,122.0,122.0,122.0,122.0,122.0,122.0,122.0,122.0,122.0,122.0,122.0,122.0,122.0,122.0,122.0,122.0,122.0,122.0,122.0,122.0,122.0,125.0,131.0,131.0,141.0,151.0,167.0,177.0,184.0,122.0,122.0,122.0,124.0,158.5,202.0,181.16666666666666,155.83333333333334,131.16666666666666,128.16666666666666,131.0,4,0,0,0,1,0,0,0,0,2,0,0.0,0.0,0.0,9.0,0.0,0.0,0.0,0.0,-9.0,-53.0,0.0,0.0,0.0,-1.8,-8.833333333333334
126,213.0,223.0,233.0,238.0,247.0,251.0,254.0,262.0,268.0,263.0,258.0,291.0,299.0,302.0,304.0,305.0,296.0,293.0,288.0,284.0,287.0,304.0,323.0,345.0,393.0,395.0,396.0,400.0,400.0,388.0,234.16666666666666,266.0,299.8333333333333,305.1666666666667,395.3333333333333,122.0,122.0,122.0,124.0,158.5,400.0,5,0,1,1,0,2,0,1,0,1,0,0.0,14.0,6.0,0.0,7.0,-38.0,-37.0,6.0,-57.0,5.0,-7.6,-7.4,1.2,-11.4,0.8333333333333334
127,226.0,227.0,227.0,228.0,231.0,233.0,235.0,238.0,238.0,235.0,232.0,226.0,219.0,212.0,204.0,198.0,191.0,182.0,176.0,164.0,152.0,147.0,145.0,143.0,142.0,143.0,142.0,142.0,142.0,142.0,228.66666666666666,234.0,201.0,154.5,142.16666666666666,234.16666666666666,266.0,299.8333333333333,305.1666666666667,395.3333333333333,238.0,2,1,2,0,0,1,1,0,0,1,1,1.0,3.0,0.0,0.0,1.0,-7.0,9.0,37.0,33.0,0.0,-1.4,1.8,7.4,6.6,0.0
128,85.0,84.0,84.0,84.0,85.0,87.0,89.0,91.0,92.0,90.0,87.0,85.0,81.0,86.0,91.0,92.0,100.0,108.0,114.0,121.0,124.0,127.0,130.0,129.0,129.0,129.0,129.0,129.0,129.0,129.0,84.83333333333333,89.0,93.0,124.16666666666667,129.0,228.66666666666666,234.0,201.0,154.5,142.16666666666666,130.0,4,0,1,0,1,0,2,1,0,1,0,0.0,3.0,0.0,16.0,0.0,-2.0,4.0,-27.0,-15.0,0.0,-0.4,0.8,-5.4,-3.0,0.0
129,162.0,161.0,163.0,161.0,160.0,158.0,156.0,152.0,153.0,158.0,160.0,159.0,157.0,157.0,154.0,163.0,169.0,163.0,152.0,138.0,127.0,117.0,113.0,113.0,107.0,107.0,108.0,101.0,99.0,98.0,160.83333333333334,156.33333333333334,160.5,126.66666666666667,103.33333333333333,84.83333333333333,89.0,93.0,124.16666666666667,129.0,169.0,3,1,1,2,1,1,1,2,1,2,1,2.0,8.0,15.0,0.0,1.0,4.0,-3.0,-6.0,39.0,9.0,0.8,-0.6,-1.2,7.8,1.5
130,93.0,93.0,94.0,97.0,98.0,96.0,93.0,91.0,94.0,100.0,108.0,118.0,131.0,152.0,164.0,162.0,157.0,150.0,133.0,120.0,119.0,117.0,117.0,110.0,92.0,74.0,68.0,66.0,64.0,62.0,95.16666666666667,100.66666666666667,152.66666666666666,119.33333333333333,71.0,160.83333333333334,156.33333333333334,160.5,126.66666666666667,103.33333333333333,164.0,3,1,0,1,1,0,1,1,0,1,0,5.0,0.0,33.0,0.0,31.0,-3.0,-25.0,-19.0,23.0,30.0,-0.6,-5.0,-3.8,4.6,5.0
131,92.0,94.0,93.0,92.0,94.0,93.0,99.0,103.0,103.0,103.0,109.0,121.0,126.0,129.0,137.0,146.0,150.0,140.0,128.0,101.0,92.0,90.0,89.0,90.0,92.0,91.0,96.0,99.0,99.0,96.0,93.0,106.33333333333333,138.0,98.33333333333333,95.5,95.16666666666667,100.66666666666667,152.66666666666666,119.33333333333333,71.0,150.0,3,2,1,1,1,2,2,1,0,1,1,2.0,4.0,24.0,3.0,8.0,-1.0,-22.0,-14.0,38.0,-4.0,-0.2,-4.4,-2.8,7.6,-0.6666666666666666
132,110.0,108.0,104.0,96.0,97.0,105.0,110.0,118.0,132.0,160.0,168.0,166.0,171.0,186.0,199.0,209.0,207.0,197.0,181.0,173.0,170.0,167.0,172.0,182.0,172.0,149.0,148.0,142.0,133.0,126.0,103.33333333333333,142.33333333333334,194.83333333333334,174.16666666666666,145.0,93.0,106.33333333333333,138.0,98.33333333333333,95.5,209.0,3,0,1,1,1,0,1,1,0,1,0,0.0,58.0,38.0,15.0,0.0,5.0,-56.0,-26.0,-1.0,46.0,1.0,-11.2,-5.2,-0.2,7.666666666666667
133,147.0,148.0,143.0,135.0,131.0,132.0,131.0,135.0,136.0,138.0,141.0,143.0,145.0,145.0,147.0,136.0,137.0,142.0,134.0,129.0,123.0,117.0,109.0,101.0,95.0,83.0,86.0,85.0,89.0,91.0,139.33333333333334,137.33333333333334,142.0,118.83333333333333,88.16666666666667,103.33333333333333,142.33333333333334,194.83333333333334,174.16666666666666,145.0,148.0,1,2,1,2,0,1,2,0,2,0,2,1.0,14.0,6.0,0.0,3.0,15.0,-12.0,3.0,33.0,4.0,3.0,-2.4,0.6,6.6,0.6666666666666666
134,79.0,75.0,83.0,87.0,91.0,95.0,101.0,104.0,102.0,101.0,97.0,89.0,79.0,71.0,72.0,79.0,88.0,96.0,118.0,140.0,157.0,171.0,185.0,199.0,213.0,219.0,236.0,255.0,278.0,293.0,85.0,99.0,80.83333333333333,161.66666666666666,249.0,139.33333333333334,137.33333333333334,142.0,118.83333333333333,88.16666666666667,104.0,2,0,1,0,0,0,1,0,1,0,0,0.0,3.0,0.0,0.0,0.0,-16.0,12.0,-17.0,-81.0,-80.0,-3.2,2.4,-3.4,-16.2,-13.333333333333334
135,172.0,165.0,160.0,158.0,158.0,155.0,155.0,156.0,155.0,153.0,150.0,150.0,151.0,154.0,157.0,153.0,150.0,145.0,142.0,140.0,135.0,133.0,137.0,142.0,153.0,155.0,157.0,158.0,159.0,161.0,161.33333333333334,153.16666666666666,151.66666666666666,138.16666666666666,157.16666666666666,85.0,99.0,80.83333333333333,161.66666666666666,249.0,172.0,1,1,1,1,0,0,3,2,0,1,0,0.0,1.0,6.0,0.0,0.0,17.0,5.0,6.0,0.0,-8.0,3.4,1.0,1.2,0.0,-1.3333333333333333
136,68.0,72.0,74.0,76.0,79.0,81.0,90.0,99.0,107.0,117.0,128.0,140.0,154.0,169.0,178.0,184.0,180.0,172.0,163.0,155.0,154.0,157.0,162.0,164.0,167.0,169.0,174.0,179.0,179.0,180.0,75.0,113.5,172.83333333333334,159.16666666666666,174.66666666666666,161.33333333333334,153.16666666666666,151.66666666666666,138.16666666666666,157.16666666666666,184.0,3,0,0,1,0,1,0,0,0,1,1,0.0,0.0,30.0,0.0,12.0,-13.0,-50.0,-18.0,-1.0,-13.0,-2.6,-10.0,-3.6,-0.2,-2.1666666666666665
137,114.0,102.0,96.0,90.0,86.0,85.0,88.0,94.0,100.0,103.0,108.0,112.0,117.0,126.0,137.0,144.0,147.0,140.0,132.0,125.0,121.0,124.0,129.0,137.0,145.0,153.0,157.0,157.0,161.0,165.0,95.5,100.83333333333333,135.16666666666666,128.0,156.33333333333334,75.0,113.5,172.83333333333334,159.16666666666666,174.66666666666666,157.0,5,0,0,1,0,1,1,0,0,1,1,0.0,0.0,30.0,0.0,12.0,29.0,-24.0,-23.0,-5.0,-20.0,5.8,-4.8,-4.6,-1.0,-3.3333333333333335
138,55.0,54.0,57.0,62.0,68.0,75.0,74.0,69.0,73.0,76.0,85.0,92.0,99.0,107.0,124.0,127.0,87.0,67.0,64.0,70.0,79.0,88.0,97.0,102.0,111.0,128.0,127.0,120.0,119.0,128.0,61.833333333333336,78.16666666666667,101.83333333333333,83.33333333333333,122.16666666666667,95.5,100.83333333333333,135.16666666666666,128.0,156.33333333333334,128.0,5,1,0,1,0,1,1,1,1,0,1,21.0,0.0,28.0,0.0,17.0,-20.0,-18.0,32.0,-38.0,-17.0,-4.0,-3.6,6.4,-7.6,-2.8333333333333335
139,87.0,86.0,101.0,109.0,107.0,112.0,111.0,118.0,125.0,133.0,139.0,147.0,149.0,150.0,152.0,159.0,144.0,130.0,122.0,108.0,103.0,101.0,102.0,104.0,103.0,107.0,111.0,107.0,109.0,111.0,100.33333333333333,128.83333333333334,147.33333333333334,106.66666666666667,108.0,61.833333333333336,78.16666666666667,101.83333333333333,83.33333333333333,122.16666666666667,159.0,3,2,0,1,1,1,3,0,0,2,1,26.0,0.0,10.0,3.0,8.0,-25.0,-36.0,19.0,18.0,-8.0,-5.0,-7.2,3.8,3.6,-1.3333333333333333
140,120.0,134.0,147.0,155.0,157.0,156.0,156.0,156.0,151.0,149.0,153.0,155.0,160.0,168.0,161.0,161.0,150.0,136.0,123.0,116.0,112.0,113.0,113.0,114.0,120.0,127.0,125.0,118.0,117.0,116.0,144.83333333333334,153.33333333333334,156.0,115.16666666666667,120.5,100.33333333333333,128.83333333333334,147.33333333333334,106.66666666666667,108.0,168.0,3,1,1,2,1,1,1,1,1,2,0,37.0,0.0,1.0,1.0,7.0,-36.0,1.0,24.0,9.0,4.0,-7.2,0.2,4.8,1.8,0.6666666666666666
141,244.0,237.0,228.0,222.0,214.0,205.0,198.0,191.0,187.0,187.0,189.0,190.0,194.0,199.0,202.0,199.0,193.0,184.0,173.0,161.0,153.0,148.0,143.0,140.0,136.0,129.0,121.0,116.0,112.0,111.0,225.0,190.33333333333334,195.16666666666666,153.0,120.83333333333333,,,,,,244.0,1,0,0,1,0,0,0,2,0,0,0,0.0,0.0,8.0,0.0,133.0,39.0,8.0,10.0,33.0,25.0,7.8,1.6,2.0,6.6,4.166666666666667
142,233.0,239.0,244.0,244.0,242.0,238.0,232.0,227.0,223.0,220.0,213.0,198.0,189.0,181.0,174.0,166.0,151.0,136.0,119.0,100.0,90.0,87.0,87.0,88.0,89.0,88.0,88.0,90.0,91.0,91.0,240.0,218.83333333333334,166.16666666666666,95.16666666666667,89.5,225.0,190.33333333333334,195.16666666666666,153.0,120.83333333333333,244.0,1,2,0,0,1,1,0,0,0,2,2,11.0,0.0,0.0,2.0,3.0,-5.0,34.0,53.0,31.0,-2.0,-1.0,6.8,10.6,6.2,-0.3333333333333333
143,91.0,99.0,108.0,114.0,126.0,137.0,146.0,153.0,159.0,167.0,170.0,186.0,202.0,213.0,214.0,215.0,207.0,197.0,182.0,167.0,149.0,126.0,108.0,101.0,98.0,97.0,96.0,94.0,97.0,101.0,112.5,163.5,208.0,138.83333333333334,97.16666666666667,240.0,218.83333333333334,166.16666666666666,95.16666666666667,89.5,215.0,3,0,0,1,0,0,0,0,0,0,1,0.0,0.0,13.0,0.0,0.0,-46.0,-40.0,5.0,81.0,-3.0,-9.2,-8.0,1.0,16.2,-0.5
144,189.0,184.0,180.0,175.0,172.0,165.0,160.0,157.0,154.0,152.0,150.0,151.0,159.0,158.0,154.0,148.0,140.0,133.0,128.0,122.0,114.0,106.0,96.0,78.0,67.0,61.0,57.0,56.0,58.0,65.0,177.5,154.0,148.66666666666666,107.33333333333333,60.666666666666664,112.5,163.5,208.0,138.83333333333334,97.16666666666667,189.0,1,0,1,0,0,0,0,1,0,0,1,0.0,9.0,124.0,0.0,0.0,24.0,9.0,26.0,50.0,2.0,4.8,1.8,5.2,10.0,0.3333333333333333
145,139.0,153.0,164.0,168.0,168.0,166.0,165.0,165.0,168.0,169.0,167.0,161.0,156.0,154.0,153.0,153.0,150.0,142.0,138.0,136.0,135.0,141.0,146.0,143.0,140.0,125.0,97.0,81.0,70.0,69.0,159.66666666666666,165.83333333333334,151.33333333333334,139.83333333333334,97.0,177.5,154.0,148.66666666666666,107.33333333333333,60.666666666666664,169.0,2,2,1,1,1,0,1,1,1,1,0,29.0,4.0,0.0,11.0,0.0,-27.0,4.0,14.0,-5.0,71.0,-5.4,0.8,2.8,-1.0,11.833333333333334
146,171.0,165.0,163.0,165.0,170.0,176.0,184.0,189.0,185.0,178.0,170.0,162.0,159.0,155.0,151.0,145.0,135.0,128.0,113.0,98.0,88.0,84.0,82.0,80.0,79.0,80.0,80.0,82.0,85.0,85.0,168.33333333333334,178.0,145.5,90.83333333333333,81.83333333333333,159.66666666666666,165.83333333333334,151.33333333333334,139.83333333333334,97.0,189.0,2,0,1,0,0,2,1,0,0,1,1,0.0,5.0,0.0,86.0,6.0,-5.0,22.0,31.0,33.0,-6.0,-1.0,4.4,6.2,6.6,-1.0
147,152.0,161.0,171.0,183.0,196.0,211.0,220.0,227.0,229.0,235.0,241.0,236.0,231.0,226.0,222.0,213.0,203.0,193.0,182.0,170.0,144.0,127.0,123.0,121.0,121.0,120.0,120.0,122.0,124.0,133.0,179.0,231.33333333333334,214.66666666666666,144.5,123.33333333333333,168.33333333333334,178.0,145.5,90.83333333333333,81.83333333333333,241.0,2,0,1,0,1,0,0,0,0,1,2,0.0,21.0,0.0,0.0,0.0,-59.0,-16.0,38.0,61.0,-12.0,-11.8,-3.2,7.6,12.2,-2.0
148,86.0,88.0,86.0,83.0,88.0,91.0,98.0,103.0,101.0,109.0,123.0,132.0,134.0,137.0,147.0,153.0,154.0,136.0,132.0,128.0,125.0,114.0,96.0,86.0,78.0,73.0,77.0,82.0,88.0,95.0,87.0,111.0,143.5,113.5,82.16666666666667,179.0,231.33333333333334,214.66666666666666,144.5,123.33333333333333,154.0,3,1,1,1,0,0,1,1,0,0,1,2.0,5.0,20.0,0.0,0.0,-5.0,-34.0,-2.0,46.0,-17.0,-1.0,-6.8,-0.4,9.2,-2.8333333333333335
149,339.0,347.0,343.0,344.0,324.0,311.0,304.0,298.0,293.0,278.0,270.0,253.0,233.0,219.0,215.0,201.0,184.0,173.0,156.0,143.0,138.0,137.0,136.0,137.0,137.0,142.0,148.0,150.0,152.0,154.0,334.6666666666667,282.6666666666667,204.16666666666666,141.16666666666666,147.16666666666666,87.0,111.0,143.5,113.5,82.16666666666667,347.0,1,2,0,0,1,0,1,0,0,2,0,5.0,0.0,0.0,1.0,0.0,28.0,51.0,60.0,19.0,-17.0,5.6,10.2,12.0,3.8,-2.8333333333333335
150,165.0,170.0,173.0,176.0,179.0,183.0,187.0,189.0,189.0,191.0,195.0,199.0,206.0,209.0,204.0,204.0,194.0,180.0,165.0,157.0,155.0,158.0,165.0,161.0,159.0,155.0,135.0,117.0,97.0,73.0,174.33333333333334,191.66666666666666,199.5,160.16666666666666,122.66666666666667,334.6666666666667,282.6666666666667,204.16666666666666,141.16666666666666,147.16666666666666,209.0,3,0,1,2,1,0,0,1,1,1,0,0.0,2.0,0.0,10.0,0.0,-18.0,-12.0,26.0,4.0,86.0,-3.6,-2.4,5.2,0.8,14.333333333333334
151,164.0,181.0,188.0,187.0,185.0,202.0,210.0,204.0,201.0,195.0,192.0,176.0,170.0,178.0,176.0,167.0,149.0,144.0,145.0,146.0,131.0,123.0,119.0,119.0,117.0,115.0,113.0,107.0,102.0,96.0,184.5,196.33333333333334,164.0,130.5,108.33333333333333,174.33333333333334,191.66666666666666,199.5,160.16666666666666,122.66666666666667,210.0,2,2,0,1,2,0,1,1,1,1,0,46.0,0.0,8.0,0.0,0.0,-38.0,34.0,26.0,26.0,21.0,-7.6,6.8,5.2,5.2,3.5
152,136.0,141.0,149.0,159.0,175.0,191.0,204.0,210.0,211.0,212.0,219.0,223.0,233.0,238.0,231.0,223.0,217.0,210.0,200.0,190.0,182.0,176.0,174.0,170.0,167.0,157.0,149.0,138.0,120.0,108.0,158.5,213.16666666666666,225.33333333333334,182.0,139.83333333333334,184.5,196.33333333333334,164.0,130.5,108.33333333333333,238.0,3,0,0,1,0,0,0,0,0,0,0,0.0,0.0,5.0,0.0,0.0,-55.0,-19.0,23.0,30.0,59.0,-11.0,-3.8,4.6,6.0,9.833333333333334
153,188.0,192.0,197.0,203.0,209.0,213.0,207.0,202.0,195.0,186.0,182.0,179.0,175.0,173.0,174.0,174.0,174.0,174.0,174.0,174.0,174.0,174.0,174.0,174.0,174.0,174.0,174.0,174.0,174.0,174.0,200.33333333333334,191.83333333333334,174.0,174.0,174.0,158.5,213.16666666666666,225.33333333333334,182.0,139.83333333333334,213.0,1,1,0,1,0,0,0,0,1,0,0,25.0,0.0,1.0,0.0,0.0,-25.0,28.0,1.0,0.0,0.0,-5.0,5.6,0.2,0.0,0.0
154,298.0,309.0,320.0,323.0,322.0,322.0,326.0,333.0,333.0,338.0,333.0,324.0,321.0,306.0,294.0,279.0,264.0,259.0,245.0,223.0,201.0,180.0,157.0,144.0,137.0,133.0,132.0,138.0,141.0,144.0,315.6666666666667,331.1666666666667,287.1666666666667,191.66666666666666,137.5,200.33333333333334,191.83333333333334,174.0,174.0,174.0,338.0,2,1,2,0,0,0,2,1,0,0,1,25.0,12.0,0.0,0.0,0.0,-24.0,2.0,62.0,101.0,-7.0,-4.8,0.4,12.4,20.2,-1.1666666666666667
155,77.0,79.0,81.0,86.0,92.0,101.0,110.0,123.0,133.0,143.0,152.0,156.0,160.0,163.0,166.0,169.0,168.0,164.0,159.0,154.0,151.0,152.0,157.0,159.0,162.0,166.0,170.0,175.0,182.0,185.0,86.0,136.16666666666666,165.0,155.33333333333334,173.33333333333334,315.6666666666667,331.1666666666667,287.1666666666667,191.66666666666666,137.5,169.0,3,0,0,1,0,0,0,0,0,1,0,0.0,0.0,9.0,0.0,0.0,-24.0,-46.0,-4.0,0.0,-23.0,-4.8,-9.2,-0.8,0.0,-3.8333333333333335
156,138.0,131.0,125.0,123.0,122.0,120.0,114.0,105.0,100.0,107.0,119.0,130.0,139.0,146.0,150.0,153.0,154.0,157.0,160.0,169.0,188.0,214.0,223.0,228.0,221.0,213.0,210.0,191.0,174.0,151.0,126.5,112.5,149.83333333333334,197.0,193.33333333333334,86.0,136.16666666666666,165.0,155.33333333333334,173.33333333333334,228.0,4,0,0,0,1,0,0,1,0,0,0,0.0,0.0,0.0,68.0,0.0,18.0,-16.0,-18.0,-68.0,70.0,3.6,-3.2,-3.6,-13.6,11.666666666666666
157,149.0,152.0,151.0,150.0,153.0,159.0,165.0,171.0,179.0,190.0,206.0,210.0,210.0,214.0,209.0,203.0,201.0,204.0,204.0,204.0,204.0,204.0,204.0,204.0,204.0,204.0,204.0,204.0,204.0,204.0,152.33333333333334,186.83333333333334,206.83333333333334,204.0,204.0,126.5,112.5,149.83333333333334,197.0,193.33333333333334,214.0,3,1,1,2,0,0,1,1,1,0,0,3.0,45.0,3.0,0.0,0.0,-10.0,-45.0,6.0,0.0,0.0,-2.0,-9.0,1.2,0.0,0.0
158,154.0,153.0,150.0,150.0,153.0,155.0,159.0,162.0,171.0,183.0,187.0,189.0,194.0,195.0,197.0,191.0,181.0,176.0,181.0,187.0,169.0,147.0,132.0,126.0,125.0,125.0,131.0,134.0,136.0,144.0,152.5,175.16666666666666,189.0,157.0,132.5,152.33333333333334,186.83333333333334,206.83333333333334,204.0,204.0,197.0,3,0,0,1,1,0,2,0,1,1,1,0.0,0.0,3.0,6.0,0.0,-1.0,-30.0,18.0,55.0,-19.0,-0.2,-6.0,3.6,11.0,-3.1666666666666665
159,255.0,252.0,252.0,248.0,244.0,238.0,233.0,231.0,228.0,231.0,220.0,211.0,206.0,196.0,183.0,171.0,151.0,132.0,123.0,115.0,108.0,100.0,94.0,93.0,94.0,92.0,90.0,87.0,86.0,87.0,248.16666666666666,225.66666666666666,173.16666666666666,105.5,89.33333333333333,152.5,175.16666666666666,189.0,157.0,132.5,255.0,1,1,1,0,1,0,1,1,0,1,1,0.0,3.0,0.0,1.0,0.0,17.0,22.0,74.0,30.0,7.0,3.4,4.4,14.8,6.0,1.1666666666666667
160,134.0,132.0,130.0,128.0,128.0,128.0,126.0,124.0,124.0,121.0,121.0,121.0,123.0,128.0,130.0,129.0,127.0,124.0,127.0,130.0,131.0,135.0,137.0,143.0,151.0,156.0,157.0,162.0,165.0,166.0,130.0,122.83333333333333,126.83333333333333,133.83333333333334,159.5,248.16666666666666,225.66666666666666,173.16666666666666,105.5,89.33333333333333,130.0,1,1,1,1,0,0,1,3,1,0,0,0.0,0.0,7.0,0.0,0.0,6.0,5.0,-1.0,-16.0,-15.0,1.2,1.0,-0.2,-3.2,-2.5
161,167.0,179.0,191.0,210.0,220.0,227.0,231.0,230.0,225.0,221.0,224.0,228.0,231.0,218.0,211.0,190.0,190.0,190.0,190.0,190.0,190.0,190.0,190.0,190.0,190.0,190.0,190.0,190.0,190.0,190.0,199.0,226.5,205.0,190.0,190.0,130.0,122.83333333333333,126.83333333333333,133.83333333333334,159.5,231.0,2,1,1,0,0,0,0,1,1,0,0,64.0,10.0,0.0,0.0,0.0,-60.0,3.0,41.0,0.0,0.0,-12.0,0.6,8.2,0.0,0.0
162,211.0,211.0,209.0,207.0,201.0,193.0,186.0,179.0,159.0,171.0,177.0,172.0,159.0,152.0,133.0,126.0,120.0,114.0,100.0,89.0,83.0,81.0,80.0,80.0,78.0,77.0,75.0,73.0,71.0,71.0,205.33333333333334,174.0,134.0,85.5,74.16666666666667,199.0,226.5,205.0,190.0,190.0,211.0,1,1,1,0,1,0,0,1,0,1,1,0.0,18.0,0.0,0.0,0.0,18.0,14.0,45.0,20.0,7.0,3.6,2.8,9.0,4.0,1.1666666666666667
163,184.0,185.0,188.0,190.0,187.0,184.0,183.0,185.0,189.0,194.0,191.0,185.0,179.0,166.0,152.0,141.0,124.0,110.0,104.0,101.0,100.0,99.0,101.0,103.0,103.0,106.0,109.0,115.0,118.0,118.0,186.33333333333334,187.83333333333334,145.33333333333334,101.33333333333333,111.5,205.33333333333334,174.0,134.0,85.5,74.16666666666667,194.0,2,1,1,0,1,1,1,0,0,2,0,6.0,11.0,0.0,4.0,15.0,0.0,-2.0,69.0,1.0,-15.0,0.0,-0.4,13.8,0.2,-2.5
164,194.0,198.0,200.0,198.0,193.0,192.0,192.0,195.0,192.0,203.0,216.0,211.0,208.0,200.0,190.0,182.0,171.0,167.0,134.0,120.0,113.0,118.0,133.0,146.0,156.0,166.0,167.0,159.0,159.0,159.0,195.83333333333334,201.5,186.33333333333334,127.33333333333333,161.0,186.33333333333334,187.83333333333334,145.33333333333334,101.33333333333333,111.5,216.0,2,1,2,0,0,1,2,1,0,1,1,6.0,24.0,0.0,0.0,11.0,2.0,-19.0,41.0,-12.0,-3.0,0.4,-3.8,8.2,-2.4,-0.5
165,205.0,206.0,202.0,186.0,181.0,193.0,198.0,197.0,179.0,169.0,169.0,170.0,164.0,157.0,145.0,136.0,131.0,115.0,103.0,99.0,99.0,100.0,94.0,91.0,90.0,91.0,91.0,92.0,89.0,85.0,195.5,180.33333333333334,141.33333333333334,97.66666666666667,89.66666666666667,195.83333333333334,201.5,186.33333333333334,127.33333333333333,161.0,206.0,1,2,1,0,1,2,1,2,0,3,1,17.0,1.0,0.0,1.0,2.0,12.0,28.0,49.0,12.0,5.0,2.4,5.6,9.8,2.4,0.8333333333333334
166,179.0,181.0,182.0,180.0,176.0,172.0,170.0,173.0,180.0,186.0,191.0,194.0,197.0,198.0,197.0,192.0,184.0,174.0,167.0,162.0,161.0,163.0,169.0,172.0,181.0,188.0,196.0,204.0,212.0,218.0,178.33333333333334,182.33333333333334,190.33333333333334,165.66666666666666,199.83333333333334,195.5,180.33333333333334,141.33333333333334,97.66666666666667,89.66666666666667,198.0,3,1,0,1,0,0,1,0,0,1,0,3.0,0.0,1.0,0.0,0.0,7.0,-24.0,23.0,-5.0,-37.0,1.4,-4.8,4.6,-1.0,-6.166666666666667
167,52.0,50.0,53.0,56.0,55.0,56.0,60.0,65.0,71.0,76.0,79.0,84.0,87.0,91.0,96.0,99.0,101.0,97.0,93.0,92.0,91.0,92.0,95.0,96.0,91.0,89.0,89.0,92.0,93.0,95.0,53.666666666666664,72.5,95.16666666666667,93.16666666666667,91.5,178.33333333333334,182.33333333333334,190.33333333333334,165.66666666666666,199.83333333333334,101.0,3,1,0,1,1,0,2,0,0,1,2,6.0,0.0,14.0,5.0,0.0,-4.0,-24.0,-10.0,-3.0,-4.0,-0.8,-4.8,-2.0,-0.6,-0.6666666666666666
168,140.0,142.0,144.0,149.0,154.0,159.0,167.0,176.0,183.0,187.0,185.0,182.0,183.0,181.0,177.0,170.0,163.0,159.0,158.0,159.0,161.0,162.0,161.0,163.0,170.0,173.0,178.0,181.0,182.0,181.0,148.0,180.0,172.16666666666666,160.66666666666666,177.5,53.666666666666664,72.5,95.16666666666667,93.16666666666667,91.5,187.0,2,0,2,0,1,1,0,1,1,1,0,0.0,16.0,0.0,4.0,12.0,-19.0,-15.0,24.0,-5.0,-11.0,-3.8,-3.0,4.8,-1.0,-1.8333333333333333
169,89.0,94.0,96.0,93.0,96.0,99.0,100.0,106.0,112.0,96.0,91.0,90.0,88.0,93.0,98.0,99.0,97.0,96.0,94.0,89.0,85.0,76.0,83.0,90.0,98.0,107.0,128.0,141.0,145.0,146.0,94.5,99.16666666666667,95.16666666666667,86.16666666666667,127.5,148.0,180.0,172.16666666666666,160.66666666666666,177.5,112.0,2,1,1,1,0,0,1,1,0,1,0,7.0,12.0,11.0,0.0,0.0,-10.0,10.0,-8.0,4.0,-48.0,-2.0,2.0,-1.6,0.8,-8.0
170,215.0,213.0,244.0,256.0,256.0,251.0,256.0,252.0,250.0,238.0,232.0,220.0,208.0,191.0,177.0,158.0,137.0,122.0,108.0,93.0,88.0,92.0,97.0,111.0,115.0,120.0,123.0,122.0,115.0,123.0,239.16666666666666,241.33333333333334,165.5,98.16666666666667,119.66666666666667,94.5,99.16666666666667,95.16666666666667,86.16666666666667,127.5,256.0,1,3,0,0,0,1,2,0,0,1,1,43.0,0.0,92.0,0.0,8.0,-36.0,36.0,86.0,-3.0,-8.0,-7.2,7.2,17.2,-0.6,-1.3333333333333333
171,142.0,153.0,158.0,161.0,161.0,153.0,147.0,143.0,136.0,135.0,134.0,132.0,129.0,133.0,134.0,127.0,123.0,121.0,114.0,111.0,108.0,120.0,125.0,130.0,146.0,144.0,158.0,170.0,176.0,176.0,154.66666666666666,137.83333333333334,127.83333333333333,118.0,161.66666666666666,239.16666666666666,241.33333333333334,165.5,98.16666666666667,119.66666666666667,176.0,5,2,0,1,1,1,0,1,0,1,1,19.0,0.0,5.0,38.0,32.0,-11.0,15.0,8.0,-16.0,-30.0,-2.2,3.0,1.6,-3.2,-5.0
172,93.0,93.0,96.0,102.0,111.0,119.0,125.0,129.0,135.0,141.0,147.0,151.0,155.0,155.0,148.0,142.0,140.0,137.0,144.0,155.0,160.0,163.0,166.0,166.0,161.0,161.0,164.0,169.0,161.0,156.0,102.33333333333333,138.0,146.16666666666666,159.0,162.0,154.66666666666666,137.83333333333334,127.83333333333333,118.0,161.66666666666666,169.0,5,0,1,1,2,1,1,0,1,1,1,0.0,30.0,0.0,22.0,8.0,-26.0,-26.0,18.0,-22.0,5.0,-5.2,-5.2,3.6,-4.4,0.8333333333333334
173,79.0,84.0,93.0,104.0,121.0,131.0,137.0,140.0,137.0,130.0,124.0,119.0,116.0,116.0,116.0,115.0,113.0,110.0,109.0,110.0,112.0,115.0,118.0,121.0,121.0,118.0,113.0,105.0,99.0,90.0,102.0,131.16666666666666,114.33333333333333,114.16666666666667,107.66666666666667,102.33333333333333,138.0,146.16666666666666,159.0,162.0,140.0,2,0,1,1,2,0,0,1,1,0,0,0.0,3.0,0.0,12.0,0.0,-52.0,18.0,6.0,-12.0,31.0,-10.4,3.6,1.2,-2.4,5.166666666666667
174,129.0,136.0,142.0,144.0,148.0,152.0,154.0,160.0,170.0,177.0,182.0,190.0,194.0,191.0,188.0,180.0,169.0,158.0,152.0,149.0,150.0,150.0,143.0,150.0,145.0,141.0,137.0,135.0,135.0,139.0,141.83333333333334,172.16666666666666,180.0,149.0,138.66666666666666,102.0,131.16666666666666,114.33333333333333,114.16666666666667,107.66666666666667,194.0,3,0,1,0,3,0,0,0,0,2,2,0.0,40.0,0.0,7.0,0.0,-23.0,-36.0,36.0,2.0,6.0,-4.6,-7.2,7.2,0.4,1.0
175,147.0,156.0,165.0,175.0,185.0,193.0,199.0,202.0,203.0,202.0,202.0,205.0,205.0,204.0,195.0,189.0,176.0,161.0,147.0,133.0,127.0,122.0,115.0,109.0,108.0,109.0,107.0,106.0,100.0,90.0,170.16666666666666,202.16666666666666,188.33333333333334,125.5,103.33333333333333,141.83333333333334,172.16666666666666,180.0,149.0,138.66666666666666,205.0,2,0,3,0,0,1,0,2,0,1,0,0.0,6.0,0.0,0.0,1.0,-46.0,-6.0,44.0,38.0,18.0,-9.2,-1.2,8.8,7.6,3.0
176,198.0,197.0,194.0,189.0,187.0,186.0,182.0,178.0,173.0,169.0,165.0,162.0,158.0,153.0,154.0,159.0,166.0,173.0,178.0,188.0,196.0,200.0,202.0,221.0,262.0,264.0,267.0,266.0,267.0,265.0,191.83333333333334,171.5,160.5,197.5,265.1666666666667,170.16666666666666,202.16666666666666,188.33333333333334,125.5,103.33333333333333,267.0,5,0,0,0,0,2,0,0,1,0,1,0.0,0.0,0.0,0.0,5.0,12.0,20.0,-15.0,-43.0,-3.0,2.4,4.0,-3.0,-8.6,-0.5
177,133.0,135.0,134.0,131.0,129.0,126.0,128.0,131.0,143.0,171.0,181.0,190.0,190.0,186.0,180.0,171.0,161.0,148.0,130.0,123.0,118.0,116.0,118.0,120.0,122.0,129.0,133.0,138.0,146.0,152.0,131.33333333333334,157.33333333333334,172.66666666666666,120.83333333333333,136.66666666666666,191.83333333333334,171.5,160.5,197.5,265.1666666666667,190.0,2,1,2,0,0,0,1,0,0,1,0,2.0,62.0,0.0,0.0,0.0,7.0,-62.0,42.0,10.0,-30.0,1.4,-12.4,8.4,2.0,-5.0
178,111.0,117.0,123.0,129.0,139.0,150.0,157.0,162.0,162.0,143.0,139.0,134.0,130.0,124.0,117.0,111.0,101.0,89.0,83.0,79.0,76.0,78.0,79.0,79.0,81.0,85.0,90.0,95.0,96.0,102.0,128.16666666666666,149.5,112.0,79.0,91.5,131.33333333333334,157.33333333333334,172.66666666666666,120.83333333333333,136.66666666666666,162.0,2,0,2,0,1,0,0,0,0,2,0,0.0,5.0,0.0,3.0,0.0,-39.0,23.0,41.0,4.0,-21.0,-7.8,4.6,8.2,0.8,-3.5
179,135.0,155.0,168.0,176.0,178.0,183.0,179.0,192.0,212.0,230.0,266.0,272.0,272.0,271.0,262.0,253.0,239.0,218.0,201.0,180.0,157.0,137.0,127.0,102.0,81.0,61.0,50.0,43.0,40.0,40.0,165.83333333333334,225.16666666666666,252.5,150.66666666666666,52.5,128.16666666666666,149.5,112.0,79.0,91.5,272.0,2,1,2,0,0,0,1,0,0,0,1,48.0,93.0,0.0,0.0,0.0,-48.0,-93.0,54.0,99.0,41.0,-9.6,-18.6,10.8,19.8,6.833333333333333
180,244.0,257.0,262.0,263.0,262.0,261.0,263.0,260.0,253.0,247.0,243.0,230.0,219.0,210.0,203.0,190.0,173.0,155.0,137.0,128.0,125.0,125.0,125.0,126.0,129.0,130.0,128.0,124.0,111.0,91.0,258.1666666666667,249.33333333333334,191.66666666666666,127.66666666666667,118.83333333333333,165.83333333333334,225.16666666666666,252.5,150.66666666666666,52.5,263.0,1,2,0,0,0,1,1,0,0,2,0,19.0,0.0,0.0,0.0,1.0,-17.0,33.0,64.0,11.0,38.0,-3.4,6.6,12.8,2.2,6.333333333333333
181,132.0,143.0,153.0,165.0,181.0,190.0,197.0,200.0,196.0,191.0,183.0,171.0,161.0,154.0,148.0,145.0,144.0,140.0,137.0,133.0,132.0,131.0,136.0,142.0,148.0,155.0,163.0,184.0,193.0,205.0,160.66666666666666,189.66666666666666,148.66666666666666,135.16666666666666,174.66666666666666,258.1666666666667,249.33333333333334,191.66666666666666,127.66666666666667,118.83333333333333,200.0,2,0,1,0,0,0,0,0,0,1,0,0.0,3.0,0.0,0.0,0.0,-58.0,26.0,21.0,-5.0,-57.0,-11.6,5.2,4.2,-1.0,-9.5
182,247.0,249.0,252.0,257.0,258.0,255.0,251.0,247.0,244.0,241.0,236.0,231.0,225.0,217.0,209.0,197.0,183.0,170.0,155.0,134.0,121.0,116.0,114.0,114.0,115.0,117.0,122.0,127.0,130.0,130.0,253.0,241.66666666666666,200.16666666666666,125.66666666666667,123.5,160.66666666666666,189.66666666666666,148.66666666666666,135.16666666666666,174.66666666666666,258.0,1,1,0,0,0,1,0,0,0,2,0,11.0,0.0,0.0,0.0,15.0,-8.0,20.0,55.0,41.0,-15.0,-1.6,4.0,11.0,8.2,-2.5
183,251.0,256.0,259.0,261.0,263.0,265.0,267.0,269.0,269.0,271.0,270.0,264.0,257.0,248.0,238.0,226.0,211.0,197.0,185.0,178.0,174.0,173.0,176.0,176.0,174.0,176.0,177.0,181.0,184.0,186.0,259.1666666666667,268.3333333333333,229.5,177.0,179.66666666666666,253.0,241.66666666666666,200.16666666666666,125.66666666666667,123.5,271.0,2,0,2,0,2,0,0,1,0,2,0,0.0,4.0,0.0,3.0,0.0,-14.0,3.0,60.0,9.0,-12.0,-2.8,0.6,12.0,1.8,-2.0
184,171.0,170.0,170.0,170.0,170.0,166.0,167.0,169.0,175.0,186.0,194.0,202.0,209.0,220.0,228.0,223.0,219.0,207.0,194.0,180.0,164.0,144.0,139.0,138.0,139.0,142.0,145.0,147.0,147.0,147.0,169.5,182.16666666666666,217.66666666666666,159.83333333333334,144.5,259.1666666666667,268.3333333333333,229.5,177.0,179.66666666666666,228.0,3,1,0,1,0,1,2,0,0,1,0,0.0,0.0,19.0,24.0,8.0,5.0,-35.0,2.0,56.0,-8.0,1.0,-7.0,0.4,11.2,-1.3333333333333333
185,289.0,296.0,299.0,306.0,307.0,301.0,297.0,298.0,296.0,292.0,285.0,276.0,266.0,250.0,233.0,230.0,214.0,202.0,190.0,182.0,179.0,177.0,180.0,182.0,197.0,199.0,201.0,203.0,203.0,199.0,299.6666666666667,290.6666666666667,232.5,181.66666666666666,200.33333333333334,169.5,182.16666666666666,217.66666666666666,159.83333333333334,144.5,307.0,1,1,1,0,0,2,1,0,0,1,0,18.0,1.0,0.0,0.0,6.0,-12.0,21.0,64.0,8.0,-2.0,-2.4,4.2,12.8,1.6,-0.3333333333333333
186,159.0,167.0,178.0,187.0,190.0,189.0,188.0,189.0,190.0,192.0,194.0,192.0,186.0,178.0,174.0,166.0,160.0,154.0,142.0,129.0,124.0,122.0,122.0,122.0,129.0,130.0,129.0,129.0,129.0,126.0,178.33333333333334,190.83333333333334,169.66666666666666,126.83333333333333,128.66666666666666,299.6666666666667,290.6666666666667,232.5,181.66666666666666,200.33333333333334,194.0,2,1,1,0,0,2,1,0,0,2,1,31.0,6.0,0.0,0.0,0.0,-30.0,-4.0,32.0,20.0,3.0,-6.0,-0.8,6.4,4.0,0.5
187,269.0,273.0,278.0,281.0,282.0,277.0,276.0,291.0,297.0,304.0,309.0,298.0,296.0,282.0,264.0,244.0,226.0,205.0,178.0,164.0,151.0,136.0,124.0,118.0,114.0,115.0,116.0,116.0,115.0,115.0,276.6666666666667,295.8333333333333,252.83333333333334,145.16666666666666,115.16666666666667,178.33333333333334,190.83333333333334,169.66666666666666,126.83333333333333,128.66666666666666,309.0,2,1,1,0,0,2,1,0,0,1,1,13.0,33.0,0.0,0.0,2.0,-8.0,-22.0,91.0,60.0,-1.0,-1.6,-4.4,18.2,12.0,-0.16666666666666666
188,219.0,220.0,221.0,226.0,226.0,222.0,217.0,203.0,183.0,175.0,172.0,173.0,168.0,167.0,163.0,152.0,142.0,133.0,120.0,108.0,101.0,97.0,95.0,92.0,92.0,92.0,91.0,90.0,90.0,91.0,222.33333333333334,187.16666666666666,154.16666666666666,102.16666666666667,91.0,276.6666666666667,295.8333333333333,252.83333333333334,145.16666666666666,115.16666666666667,226.0,1,2,1,0,0,1,0,1,0,1,2,7.0,1.0,0.0,0.0,0.0,-3.0,44.0,35.0,28.0,1.0,-0.6,8.8,7.0,5.6,0.16666666666666666
189,113.0,110.0,112.0,117.0,126.0,136.0,145.0,156.0,168.0,181.0,198.0,209.0,218.0,225.0,227.0,223.0,212.0,202.0,191.0,178.0,170.0,163.0,159.0,161.0,166.0,172.0,178.0,185.0,190.0,192.0,119.0,176.16666666666666,217.83333333333334,170.33333333333334,180.5,222.33333333333334,187.16666666666666,154.16666666666666,102.16666666666667,91.0,227.0,3,0,0,1,0,0,1,0,0,1,0,0.0,0.0,9.0,0.0,0.0,-23.0,-64.0,16.0,30.0,-26.0,-4.6,-12.8,3.2,6.0,-4.333333333333333
190,197.0,202.0,206.0,210.0,207.0,202.0,197.0,189.0,178.0,170.0,164.0,157.0,154.0,148.0,140.0,135.0,131.0,129.0,127.0,126.0,124.0,121.0,123.0,126.0,128.0,132.0,134.0,135.0,138.0,138.0,204.0,175.83333333333334,139.5,124.5,134.16666666666666,119.0,176.16666666666666,217.83333333333334,170.33333333333334,180.5,210.0,1,1,0,0,0,1,0,0,0,1,0,13.0,0.0,0.0,0.0,10.0,-5.0,40.0,25.0,1.0,-10.0,-1.0,8.0,5.0,0.2,-1.6666666666666667
191,220.0,221.0,217.0,214.0,208.0,206.0,205.0,196.0,194.0,191.0,166.0,157.0,157.0,150.0,146.0,146.0,139.0,134.0,129.0,126.0,124.0,122.0,120.0,113.0,99.0,97.0,96.0,101.0,108.0,113.0,214.33333333333334,184.83333333333334,145.33333333333334,122.33333333333333,102.33333333333333,204.0,175.83333333333334,139.5,124.5,134.16666666666666,221.0,1,1,1,1,0,0,0,1,1,0,1,1.0,0.0,0.0,0.0,0.0,14.0,48.0,23.0,16.0,-14.0,2.8,9.6,4.6,3.2,-2.3333333333333335
192,254.0,258.0,261.0,261.0,257.0,254.0,248.0,242.0,237.0,231.0,222.0,215.0,212.0,208.0,202.0,199.0,190.0,181.0,173.0,163.0,153.0,144.0,135.0,116.0,92.0,79.0,72.0,76.0,88.0,116.0,257.5,232.5,198.66666666666666,147.33333333333334,87.16666666666667,,,,,,261.0,1,2,0,0,0,0,0,0,0,0,1,7.0,0.0,0.0,0.0,0.0,0.0,33.0,31.0,57.0,-24.0,0.0,6.6,6.2,11.4,-4.0
193,192.0,200.0,206.0,211.0,193.0,185.0,181.0,173.0,175.0,179.0,184.0,210.0,224.0,229.0,216.0,205.0,193.0,180.0,163.0,152.0,143.0,143.0,152.0,163.0,179.0,176.0,170.0,168.0,176.0,182.0,197.83333333333334,183.66666666666666,207.83333333333334,152.66666666666666,175.16666666666666,257.5,232.5,198.66666666666666,147.33333333333334,87.16666666666667,229.0,3,1,0,1,1,0,0,1,0,2,1,19.0,0.0,5.0,36.0,0.0,7.0,-29.0,44.0,0.0,-3.0,1.4,-5.8,8.8,0.0,-0.5
194,324.0,322.0,323.0,316.0,312.0,309.0,308.0,303.0,301.0,296.0,290.0,290.0,293.0,298.0,297.0,290.0,288.0,277.0,261.0,251.0,243.0,232.0,226.0,221.0,214.0,212.0,201.0,178.0,167.0,160.0,317.6666666666667,298.0,290.5,239.0,188.66666666666666,197.83333333333334,183.66666666666666,207.83333333333334,152.66666666666666,175.16666666666666,324.0,1,1,0,1,0,0,1,2,0,0,0,1.0,0.0,5.0,164.0,0.0,15.0,18.0,16.0,40.0,54.0,3.0,3.6,3.2,8.0,9.0
195,388.0,384.0,299.0,299.0,299.0,299.0,299.0,299.0,299.0,299.0,299.0,299.0,299.0,299.0,299.0,299.0,299.0,299.0,299.0,299.0,299.0,299.0,299.0,299.0,299.0,299.0,299.0,292.0,283.0,302.0,328.0,299.0,299.0,299.0,295.6666666666667,317.6666666666667,298.0,290.5,239.0,188.66666666666666,388.0,1,0,0,0,0,1,1,0,0,0,1,0.0,0.0,86.0,0.0,0.0,89.0,0.0,0.0,0.0,-3.0,17.8,0.0,0.0,0.0,-0.5
196,354.0,344.0,340.0,338.0,334.0,335.0,328.0,318.0,310.0,302.0,294.0,287.0,283.0,271.0,269.0,268.0,263.0,253.0,241.0,232.0,225.0,220.0,220.0,217.0,213.0,216.0,211.0,202.0,199.0,195.0,340.8333333333333,306.5,267.8333333333333,225.83333333333334,206.0,328.0,299.0,299.0,299.0,295.6666666666667,354.0,1,1,0,0,1,1,1,0,0,2,0,1.0,0.0,0.0,0.0,3.0,19.0,41.0,30.0,24.0,18.0,3.8,8.2,6.0,4.8,3.0
197,102.0,102.0,100.0,95.0,93.0,91.0,87.0,83.0,85.0,90.0,101.0,112.0,124.0,136.0,153.0,169.0,179.0,181.0,169.0,158.0,149.0,147.0,155.0,152.0,152.0,159.0,164.0,170.0,176.0,183.0,97.16666666666667,93.0,157.0,155.0,167.33333333333334,340.8333333333333,306.5,267.8333333333333,225.83333333333334,206.0,181.0,3,1,0,1,1,0,0,1,0,3,0,0.0,0.0,57.0,8.0,0.0,11.0,-25.0,-57.0,17.0,-31.0,2.2,-5.0,-11.4,3.4,-5.166666666666667
198,265.0,254.0,286.0,307.0,320.0,329.0,316.0,309.0,287.0,278.0,262.0,247.0,244.0,223.0,203.0,190.0,178.0,163.0,140.0,132.0,130.0,134.0,142.0,144.0,132.0,130.0,136.0,137.0,141.0,144.0,293.5,283.1666666666667,200.16666666666666,137.0,136.66666666666666,97.16666666666667,93.0,157.0,155.0,167.33333333333334,329.0,1,1,0,0,1,0,1,0,0,1,1,75.0,0.0,0.0,14.0,0.0,-64.0,69.0,81.0,-4.0,-12.0,-12.8,13.8,16.2,-0.8,-2.0
199,195.0,202.0,208.0,205.0,197.0,187.0,185.0,188.0,190.0,190.0,187.0,182.0,176.0,168.0,158.0,154.0,155.0,153.0,148.0,143.0,125.0,118.0,114.0,111.0,104.0,102.0,102.0,107.0,111.0,113.0,199.0,187.0,160.66666666666666,126.5,106.5,293.5,283.1666666666667,200.16666666666666,137.0,136.66666666666666,208.0,1,1,2,1,0,0,1,0,1,0,2,13.0,5.0,1.0,0.0,0.0,8.0,3.0,23.0,37.0,-9.0,1.6,0.6,4.6,7.4,-1.5
200,309.0,312.0,312.0,320.0,313.0,310.0,290.0,284.0,282.0,280.0,278.0,274.0,270.0,262.0,251.0,235.0,228.0,214.0,191.0,171.0,152.0,142.0,133.0,128.0,116.0,102.0,82.0,75.0,73.0,77.0,312.6666666666667,281.3333333333333,243.33333333333334,152.83333333333334,87.5,199.0,187.0,160.66666666666666,126.5,106.5,320.0,1,2,0,0,0,0,1,0,0,0,1,11.0,0.0,0.0,0.0,0.0,-1.0,16.0,56.0,63.0,39.0,-0.2,3.2,11.2,12.6,6.5
201,99.0,100.0,105.0,116.0,126.0,141.0,162.5,184.0,228.0,247.0,253.0,231.0,221.0,211.0,197.0,189.0,188.0,181.0,174.0,165.0,160.0,146.0,144.0,144.0,129.0,123.0,110.0,79.0,59.0,50.0,114.5,217.58333333333334,197.83333333333334,155.5,91.66666666666667,312.6666666666667,281.3333333333333,243.33333333333334,152.83333333333334,87.5,253.0,2,0,1,0,1,0,0,0,0,1,0,0.0,90.5,0.0,0.0,0.0,-42.0,-68.5,40.0,30.0,79.0,-8.4,-13.7,8.0,6.0,13.166666666666666
202,213.0,215.0,220.0,227.0,233.0,240.0,232.0,223.0,222.0,222.0,229.0,238.0,254.0,262.0,235.0,219.0,219.0,202.0,180.0,159.0,133.0,115.0,109.0,111.0,115.0,123.0,124.0,121.0,136.0,144.0,224.66666666666666,227.66666666666666,231.83333333333334,134.5,127.16666666666667,114.5,217.58333333333334,197.83333333333334,155.5,91.66666666666667,262.0,3,1,0,2,0,1,0,2,1,1,1,27.0,0.0,0.0,0.0,9.0,-27.0,-6.0,52.0,69.0,-29.0,-5.4,-1.2,10.4,13.8,-4.833333333333333
203,180.0,176.0,174.0,168.0,173.5,179.0,184.0,181.0,177.0,177.0,180.0,179.0,171.0,179.0,182.0,176.0,173.0,167.0,153.0,141.0,132.0,128.0,132.0,128.0,115.0,120.0,121.0,127.0,129.0,132.0,175.08333333333334,179.66666666666666,174.66666666666666,135.66666666666666,124.0,224.66666666666666,227.66666666666666,231.83333333333334,134.5,127.16666666666667,184.0,2,1,1,1,1,0,1,3,0,2,0,16.0,3.0,11.0,4.0,48.0,1.0,5.0,4.0,25.0,-17.0,0.2,1.0,0.8,5.0,-2.8333333333333335
204,182.0,190.0,196.0,206.0,215.0,218.0,220.0,222.0,225.0,224.0,215.0,204.0,198.0,193.0,200.0,208.0,212.0,216.0,212.0,202.0,200.0,208.0,219.0,225.0,226.0,225.0,235.0,243.0,263.0,268.0,201.16666666666666,218.33333333333334,204.5,211.0,243.33333333333334,175.08333333333334,179.66666666666666,174.66666666666666,135.66666666666666,124.0,226.0,5,0,1,1,1,0,0,0,1,1,1,0.0,5.0,23.0,26.0,0.0,-36.0,16.0,-18.0,-13.0,-42.0,-7.2,3.2,-3.6,-2.6,-7.0
205,140.0,140.0,140.0,141.0,139.0,139.0,141.0,139.0,139.0,136.0,137.0,135.0,129.0,135.0,141.0,149.0,155.0,157.0,154.0,153.0,151.0,148.0,147.0,147.0,151.0,159.0,152.0,156.0,166.0,178.0,139.83333333333334,137.83333333333334,144.33333333333334,150.0,160.33333333333334,201.16666666666666,218.33333333333334,204.5,211.0,243.33333333333334,159.0,5,2,2,1,0,1,3,3,0,2,1,2.0,1.0,28.0,0.0,8.0,1.0,6.0,-28.0,7.0,-27.0,0.2,1.2,-5.6,1.4,-4.5
206,213.0,218.0,221.0,224.0,225.0,226.0,227.0,229.0,230.0,229.0,227.0,226.0,225.0,224.0,225.0,219.0,212.0,211.0,200.0,181.0,158.0,147.0,138.0,137.0,140.0,146.0,154.0,160.0,161.0,166.0,221.16666666666666,228.0,219.33333333333334,160.16666666666666,154.5,139.83333333333334,137.83333333333334,144.33333333333334,150.0,160.33333333333334,230.0,2,0,1,1,0,0,0,0,1,1,0,0.0,3.0,1.0,0.0,0.0,-13.0,1.0,14.0,63.0,-26.0,-2.6,0.2,2.8,12.6,-4.333333333333333
207,320.0,319.0,325.0,331.0,327.0,320.0,312.0,300.0,287.0,269.0,253.0,237.0,222.0,210.0,198.0,185.0,173.0,167.0,150.0,135.0,123.0,112.0,98.0,82.0,77.0,74.0,72.0,71.0,74.0,78.0,323.6666666666667,276.3333333333333,192.5,116.66666666666667,74.33333333333333,221.16666666666666,228.0,219.33333333333334,160.16666666666666,154.5,331.0,1,1,0,0,0,0,1,0,0,0,1,12.0,0.0,242.0,0.0,0.0,0.0,75.0,55.0,68.0,-1.0,0.0,15.0,11.0,13.6,-0.16666666666666666
208,267.0,269.0,275.0,276.0,272.0,269.0,255.0,250.0,249.0,243.0,234.0,226.0,219.0,213.0,208.0,201.0,195.0,188.0,183.0,178.0,166.0,156.0,151.0,148.0,149.0,147.0,151.0,157.0,162.0,168.0,271.3333333333333,242.83333333333334,204.0,163.66666666666666,155.66666666666666,323.6666666666667,276.3333333333333,192.5,116.66666666666667,74.33333333333333,276.0,1,1,0,0,1,0,0,0,0,1,1,9.0,0.0,0.0,1.0,0.0,-2.0,29.0,31.0,35.0,-19.0,-0.4,5.8,6.2,7.0,-3.1666666666666665
209,252.0,256.0,250.0,247.0,233.0,222.0,209.0,202.0,196.0,190.0,179.0,169.0,164.0,162.0,162.0,161.0,162.0,165.0,168.0,171.0,168.0,146.0,138.0,136.0,138.0,140.0,142.0,141.0,137.0,133.0,243.33333333333334,190.83333333333334,162.66666666666666,154.5,138.5,271.3333333333333,242.83333333333334,204.0,163.66666666666666,155.66666666666666,256.0,1,1,0,1,1,1,0,0,2,1,0,4.0,0.0,0.0,3.0,4.0,30.0,40.0,-1.0,32.0,5.0,6.0,8.0,-0.2,6.4,0.8333333333333334
